
> app_derry@1.0.0 dev
> node scripts/dev-server.js

[dev] Cleared legacy Turbopack cache to keep dev startup lighter.
[dev] Cleared stale Next dev server artifacts to avoid manifest corruption.
[dev] PostgreSQL belum terjangkau di 127.0.0.1:54329/aleta. Jika backend gagal konek, ALETA akan jatuh ke fallback in-memory khusus development.
[dev] Starting Next.js dev server with Webpack and NODE_OPTIONS="--max-old-space-size=2048".
▲ Next.js 16.2.3 (webpack)
- Local:         http://localhost:3000
- Network:       http://192.168.68.102:3000
- Environments: .env.local
✓ Ready in 919ms
[32m✔[0m [33mConsole Ninja[0m extension is connected to [33mNext.js[0m, see [36mhttps://tinyurl.com/2vt8jxzw[0m

○ Compiling /api/ai/settings ...
 GET /api/ai/settings 200 in 7.3s (next.js: 5.9s, application-code: 1470ms)
 POST /api/ai/extract-surat 200 in 7.4s (next.js: 5.9s, application-code: 1493ms)
○ Compiling / ...
 GET / 307 in 4.0s (next.js: 3.8s, application-code: 256ms)
 GET /login 200 in 1414ms (next.js: 1238ms, application-code: 176ms)
 GET / 307 in 64ms (next.js: 18ms, application-code: 46ms)
 GET /login 200 in 44ms (next.js: 3ms, application-code: 41ms)
 GET / 307 in 61ms (next.js: 4ms, application-code: 57ms)
 GET /login 200 in 42ms (next.js: 2ms, application-code: 39ms)
 GET /api/auth/get-session 200 in 2.3s (next.js: 2.2s, application-code: 35ms)
 GET /api/users/lookup?username=superadmin 200 in 1185ms (next.js: 1145ms, application-code: 40ms)
 POST /api/auth/sign-in/email 200 in 204ms (next.js: 133ms, application-code: 71ms)
○ Compiling /api/settings/institution ...
 GET /api/settings/whatsapp 200 in 4.0s (next.js: 3.9s, application-code: 61ms)
 GET /api/settings/institution 200 in 4.0s (next.js: 3.9s, application-code: 62ms)
 GET /api/disposisi 200 in 4.0s (next.js: 3.9s, application-code: 81ms)
 GET /api/ai/settings 200 in 4.0s (next.js: 3.9s, application-code: 82ms)
 GET /api/users 200 in 4.0s (next.js: 3.9s, application-code: 115ms)
 GET /api/surat 200 in 4.0s (next.js: 3.9s, application-code: 120ms)
 GET /api/users/lookup?username=superadmin 200 in 3.3s (next.js: 3.2s, application-code: 72ms)
 GET /api/auth/get-session 200 in 3.3s (next.js: 3.2s, application-code: 75ms)
 GET /portal 200 in 3.4s (next.js: 3.2s, application-code: 111ms)
 POST /api/auth/sign-in/email 200 in 54ms (next.js: 1828µs, application-code: 52ms)
 GET /api/users 200 in 56ms (next.js: 6ms, application-code: 51ms)
 GET /api/surat 200 in 53ms (next.js: 10ms, application-code: 42ms)
 GET /api/disposisi 200 in 20ms (next.js: 5ms, application-code: 15ms)
 GET /api/ai/settings 200 in 28ms (next.js: 10ms, application-code: 18ms)
 GET /api/settings/whatsapp 200 in 15ms (next.js: 6ms, application-code: 9ms)
 GET /api/settings/institution 200 in 12ms (next.js: 6ms, application-code: 5ms)
 GET /portal 200 in 173ms (next.js: 3ms, application-code: 171ms)
 GET /portal 200 in 29ms (next.js: 4ms, application-code: 25ms)
 GET /api/auth/get-session 200 in 16ms (next.js: 1871µs, application-code: 14ms)
 GET /manajemen-surat 200 in 1451ms (next.js: 1413ms, application-code: 38ms)
 GET /api/whatsapp/qr 200 in 2.1s (next.js: 2.0s, application-code: 95ms)
 GET /api/whatsapp/qr 200 in 21ms (next.js: 2ms, application-code: 18ms)
 GET /manajemen-surat 200 in 98ms (next.js: 26ms, application-code: 72ms)
 GET /api/whatsapp/qr 200 in 5.1s (next.js: 5.0s, application-code: 84ms)
 GET /surat?type=masuk 200 in 5.9s (next.js: 5.7s, application-code: 116ms)
 GET /surat?type=masuk 200 in 72ms (next.js: 4ms, application-code: 68ms)
 GET /api/whatsapp/qr 200 in 18ms (next.js: 3ms, application-code: 15ms)
 GET /surat?type=masuk 200 in 43ms (next.js: 3ms, application-code: 40ms)
 POST /api/ai/extract-surat 200 in 1905ms (next.js: 1867ms, application-code: 38ms)
 POST /api/uploads/pdf 200 in 1006ms (next.js: 976ms, application-code: 30ms)
 POST /api/surat 201 in 1939ms (next.js: 1826ms, application-code: 113ms)
 GET /api/settings/whatsapp 200 in 1923ms (next.js: 1885ms, application-code: 38ms)
 GET /api/settings/institution 200 in 1924ms (next.js: 1884ms, application-code: 40ms)
 GET /api/disposisi 200 in 1938ms (next.js: 1886ms, application-code: 52ms)
 GET /api/ai/settings 200 in 1939ms (next.js: 1885ms, application-code: 54ms)
 GET /api/users 200 in 1977ms (next.js: 1901ms, application-code: 76ms)
 GET /api/surat 200 in 1966ms (next.js: 1889ms, application-code: 77ms)
 GET /surat/srt-4aefa079-d345-46ca-951d-fd898e84dd84 200 in 3.7s (next.js: 3.6s, application-code: 90ms)
 GET /api/auth/get-session 200 in 2.8s (next.js: 2.7s, application-code: 44ms)
 GET /api/auth/get-session 200 in 13ms (next.js: 3ms, application-code: 10ms)
 GET /surat/srt-4aefa079-d345-46ca-951d-fd898e84dd84 200 in 148ms (next.js: 77ms, application-code: 71ms)
 GET /api/auth/get-session 200 in 21ms (next.js: 10ms, application-code: 11ms)
 GET /api/auth/get-session 200 in 14ms (next.js: 3ms, application-code: 11ms)
 GET /api/auth/get-session 200 in 47ms (next.js: 15ms, application-code: 31ms)
 GET /api/auth/get-session 200 in 22ms (next.js: 3ms, application-code: 19ms)
 GET /surat/srt-4aefa079-d345-46ca-951d-fd898e84dd84 200 in 223ms (next.js: 180ms, application-code: 43ms)
 GET /surat/srt-001 200 in 238ms (next.js: 12ms, application-code: 226ms)
 GET /api/auth/get-session 200 in 1684ms (next.js: 1639ms, application-code: 45ms)
 GET /login 200 in 110ms (next.js: 76ms, application-code: 34ms)
 GET /api/auth/get-session 200 in 10ms (next.js: 1804µs, application-code: 8ms)
 GET /api/users/lookup?username=superadmin 200 in 1226ms (next.js: 1198ms, application-code: 28ms)
 POST /api/auth/sign-in/email 200 in 229ms (next.js: 183ms, application-code: 46ms)
 GET /api/settings/whatsapp 200 in 3.0s (next.js: 2.9s, application-code: 38ms)
 GET /api/settings/institution 200 in 3.0s (next.js: 2.9s, application-code: 40ms)
○ Compiling /api/settings/institution ...
 GET /api/disposisi 200 in 3.0s (next.js: 2.9s, application-code: 61ms)
 GET /api/ai/settings 200 in 3.0s (next.js: 2.9s, application-code: 63ms)
 GET /api/users 200 in 3.1s (next.js: 3.0s, application-code: 164ms)
 GET /api/surat 200 in 3.1s (next.js: 2.9s, application-code: 175ms)
 GET /api/auth/get-session 200 in 36ms (next.js: 16ms, application-code: 20ms)
 GET /portal 200 in 143ms (next.js: 61ms, application-code: 82ms)
 GET /login 200 in 33ms (next.js: 16ms, application-code: 17ms)
 GET /api/disposisi 200 in 38ms (next.js: 1674µs, application-code: 37ms)
 GET /api/ai/settings 200 in 35ms (next.js: 2ms, application-code: 33ms)
 GET /api/settings/whatsapp 200 in 27ms (next.js: 1870µs, application-code: 25ms)
 GET /api/settings/institution 200 in 24ms (next.js: 9ms, application-code: 15ms)
 GET /api/users 200 in 66ms (next.js: 3ms, application-code: 63ms)
 GET /api/surat 200 in 65ms (next.js: 1713µs, application-code: 63ms)
 GET /api/users/lookup?username=superadmin 200 in 17ms (next.js: 6ms, application-code: 11ms)
 POST /api/auth/sign-in/email 200 in 34ms (next.js: 9ms, application-code: 24ms)
 GET /portal 200 in 30ms (next.js: 3ms, application-code: 27ms)
 GET /api/auth/get-session 200 in 14ms (next.js: 1676µs, application-code: 13ms)
 GET /manajemen-surat 200 in 1525ms (next.js: 1490ms, application-code: 35ms)
 GET /api/whatsapp/qr 200 in 1561ms (next.js: 1471ms, application-code: 91ms)
 GET /api/whatsapp/qr 200 in 17ms (next.js: 2ms, application-code: 14ms)
 GET /manajemen-surat 200 in 88ms (next.js: 24ms, application-code: 63ms)
 GET /api/whatsapp/qr 200 in 15ms (next.js: 1702µs, application-code: 14ms)
 GET /surat?type=masuk 200 in 46ms (next.js: 21ms, application-code: 25ms)
 GET /surat/srt-4aefa079-d345-46ca-951d-fd898e84dd84 200 in 48ms (next.js: 27ms, application-code: 21ms)
 GET /api/auth/get-session 200 in 34ms (next.js: 14ms, application-code: 20ms)
 GET /api/auth/get-session 200 in 20ms (next.js: 3ms, application-code: 16ms)
 GET /api/auth/get-session 200 in 33ms (next.js: 12ms, application-code: 21ms)
 GET /api/auth/get-session 200 in 24ms (next.js: 3ms, application-code: 22ms)
 GET /api/auth/get-session 200 in 28ms (next.js: 10ms, application-code: 18ms)
 GET /api/auth/get-session 200 in 16ms (next.js: 1649µs, application-code: 14ms)
 GET /surat/srt-001 200 in 219ms (next.js: 11ms, application-code: 208ms)
 GET /surat/srt-001 200 in 67ms (next.js: 10ms, application-code: 57ms)
 GET /surat/srt-001 200 in 62ms (next.js: 13ms, application-code: 49ms)
 GET /api/auth/get-session 200 in 29ms (next.js: 15ms, application-code: 14ms)
 GET /surat/srt-4aefa079-d345-46ca-951d-fd898e84dd84 200 in 134ms (next.js: 15ms, application-code: 118ms)
 GET /login 200 in 39ms (next.js: 12ms, application-code: 27ms)
 GET /api/auth/get-session 200 in 38ms (next.js: 13ms, application-code: 25ms)
 GET /api/disposisi 200 in 89ms (next.js: 10ms, application-code: 78ms)
 GET /api/settings/whatsapp 200 in 49ms (next.js: 8ms, application-code: 41ms)
 GET /api/settings/institution 200 in 21ms (next.js: 6ms, application-code: 15ms)
 GET /api/ai/settings 200 in 50ms (next.js: 12ms, application-code: 39ms)
 GET /api/users 200 in 149ms (next.js: 11ms, application-code: 138ms)
 GET /api/surat 200 in 138ms (next.js: 17ms, application-code: 122ms)
 GET /login 200 in 72ms (next.js: 2ms, application-code: 70ms)
 GET /api/auth/get-session 200 in 19ms (next.js: 9ms, application-code: 10ms)
 GET /login 200 in 49ms (next.js: 2ms, application-code: 47ms)
 GET /api/auth/get-session 200 in 23ms (next.js: 14ms, application-code: 9ms)
 GET /login 200 in 57ms (next.js: 3ms, application-code: 55ms)
 GET /api/auth/get-session 200 in 20ms (next.js: 11ms, application-code: 8ms)
 GET /api/users/lookup?username=superadmin 200 in 21ms (next.js: 4ms, application-code: 16ms)
 POST /api/auth/sign-in/email 200 in 26ms (next.js: 1654µs, application-code: 25ms)
 GET /surat/srt-001 200 in 84ms (next.js: 9ms, application-code: 75ms)
 GET /api/auth/get-session 200 in 14ms (next.js: 9ms, application-code: 5ms)
 GET /login 200 in 23ms (next.js: 3ms, application-code: 19ms)
 GET /api/users/lookup?username=superadmin 200 in 15ms (next.js: 2ms, application-code: 13ms)
 GET /login 200 in 49ms (next.js: 2ms, application-code: 47ms)
 GET /api/auth/get-session 200 in 19ms (next.js: 11ms, application-code: 8ms)
 GET /api/users/lookup?username=superadmin 200 in 16ms (next.js: 2ms, application-code: 14ms)
 POST /api/auth/sign-in/email 200 in 24ms (next.js: 2ms, application-code: 21ms)
 GET /api/users 200 in 58ms (next.js: 1924µs, application-code: 56ms)
 GET /api/settings/whatsapp 200 in 18ms (next.js: 1657µs, application-code: 16ms)
 GET /api/settings/institution 200 in 16ms (next.js: 1578µs, application-code: 14ms)
 GET /api/disposisi 200 in 37ms (next.js: 2ms, application-code: 35ms)
 GET /api/ai/settings 200 in 34ms (next.js: 1565µs, application-code: 33ms)
 GET /api/surat 200 in 108ms (next.js: 3ms, application-code: 105ms)
 GET /portal 200 in 64ms (next.js: 15ms, application-code: 49ms)
 GET /api/auth/get-session 200 in 21ms (next.js: 2ms, application-code: 18ms)
 GET /api/disposisi 200 in 28ms (next.js: 3ms, application-code: 25ms)
 GET /api/settings/whatsapp 200 in 16ms (next.js: 1850µs, application-code: 14ms)
 GET /api/users 200 in 61ms (next.js: 3ms, application-code: 58ms)
 GET /api/ai/settings 200 in 28ms (next.js: 2ms, application-code: 26ms)
 GET /api/settings/institution 200 in 9ms (next.js: 2ms, application-code: 7ms)
 GET /api/surat 200 in 58ms (next.js: 1986µs, application-code: 56ms)
 GET /login 200 in 51ms (next.js: 2ms, application-code: 49ms)
 GET /api/auth/get-session 200 in 16ms (next.js: 8ms, application-code: 8ms)
 GET /api/users/lookup?username=superadmin 200 in 17ms (next.js: 1681µs, application-code: 15ms)
 POST /api/auth/sign-in/email 200 in 22ms (next.js: 1754µs, application-code: 21ms)
 GET /api/users 200 in 53ms (next.js: 2ms, application-code: 50ms)
 GET /api/disposisi 200 in 29ms (next.js: 1897µs, application-code: 27ms)
 GET /api/ai/settings 200 in 26ms (next.js: 1796µs, application-code: 24ms)
 GET /api/settings/whatsapp 200 in 14ms (next.js: 1778µs, application-code: 12ms)
 GET /api/settings/institution 200 in 11ms (next.js: 1346µs, application-code: 9ms)
 GET /api/surat 200 in 73ms (next.js: 2ms, application-code: 71ms)
 GET /portal 200 in 43ms (next.js: 3ms, application-code: 40ms)
 GET /api/auth/get-session 200 in 18ms (next.js: 1697µs, application-code: 17ms)
 GET /api/users 200 in 80ms (next.js: 1971µs, application-code: 78ms)
 GET /api/disposisi 200 in 19ms (next.js: 1658µs, application-code: 17ms)
 GET /api/surat 200 in 83ms (next.js: 1801µs, application-code: 82ms)
 GET /surat/srt-001 200 in 92ms (next.js: 10ms, application-code: 82ms)
 GET /api/auth/get-session 200 in 42ms (next.js: 8ms, application-code: 34ms)
 GET /api/disposisi 200 in 28ms (next.js: 1650µs, application-code: 26ms)
 GET /api/ai/settings 200 in 26ms (next.js: 2ms, application-code: 24ms)
 GET /api/settings/whatsapp 200 in 18ms (next.js: 2ms, application-code: 16ms)
 GET /api/users 200 in 67ms (next.js: 1801µs, application-code: 65ms)
 GET /api/settings/institution 200 in 9ms (next.js: 2ms, application-code: 7ms)
 GET /api/surat 200 in 65ms (next.js: 1606µs, application-code: 63ms)
 GET /api/surat 200 in 10ms (next.js: 2ms, application-code: 7ms)
 GET /login 200 in 54ms (next.js: 2ms, application-code: 52ms)
 GET /api/auth/get-session 200 in 18ms (next.js: 10ms, application-code: 8ms)
 GET /api/users/lookup?username=superadmin 200 in 17ms (next.js: 1695µs, application-code: 15ms)
 POST /api/auth/sign-in/email 200 in 27ms (next.js: 1866µs, application-code: 26ms)
 GET /api/users 200 in 62ms (next.js: 2ms, application-code: 60ms)
 GET /api/disposisi 200 in 37ms (next.js: 2ms, application-code: 35ms)
 GET /api/ai/settings 200 in 34ms (next.js: 1663µs, application-code: 32ms)
 GET /api/settings/whatsapp 200 in 20ms (next.js: 1876µs, application-code: 18ms)
 GET /api/settings/institution 200 in 18ms (next.js: 1434µs, application-code: 16ms)
 GET /api/surat 200 in 86ms (next.js: 2000µs, application-code: 84ms)
 GET /api/auth/get-session 200 in 16ms (next.js: 1639µs, application-code: 14ms)
 GET /portal 200 in 47ms (next.js: 3ms, application-code: 44ms)
 GET /api/users 200 in 85ms (next.js: 3ms, application-code: 83ms)
 GET /api/disposisi 200 in 20ms (next.js: 1731µs, application-code: 18ms)
 GET /api/surat 200 in 88ms (next.js: 1729µs, application-code: 87ms)
 GET /surat/srt-4aefa079-d345-46ca-951d-fd898e84dd84 200 in 99ms (next.js: 10ms, application-code: 89ms)
 GET /api/auth/get-session 200 in 37ms (next.js: 9ms, application-code: 28ms)
 GET /api/disposisi 200 in 26ms (next.js: 1270µs, application-code: 25ms)
 GET /api/ai/settings 200 in 25ms (next.js: 1318µs, application-code: 23ms)
 GET /api/settings/whatsapp 200 in 12ms (next.js: 1972µs, application-code: 10ms)
 GET /api/users 200 in 56ms (next.js: 1747µs, application-code: 55ms)
 GET /api/settings/institution 200 in 14ms (next.js: 1840µs, application-code: 12ms)
 GET /api/surat 200 in 56ms (next.js: 1661µs, application-code: 54ms)
 GET /surat/srt-4aefa079-d345-46ca-951d-fd898e84dd84 200 in 1058ms (next.js: 843ms, application-code: 215ms)
 GET /api/settings/whatsapp 200 in 1886ms (next.js: 1828ms, application-code: 58ms)
 GET /api/disposisi 200 in 1906ms (next.js: 1829ms, application-code: 78ms)
 GET /api/ai/settings 200 in 1908ms (next.js: 1828ms, application-code: 80ms)
 GET /api/users 200 in 1948ms (next.js: 1830ms, application-code: 118ms)
 GET /api/auth/get-session 200 in 2.2s (next.js: 2.1s, application-code: 117ms)
 GET /api/surat 200 in 1989ms (next.js: 1829ms, application-code: 160ms)
○ Compiling /api/settings/institution ...
 GET /api/settings/institution 200 in 3.9s (next.js: 3.8s, application-code: 74ms)
 GET /surat/srt-4aefa079-d345-46ca-951d-fd898e84dd84 200 in 3.9s (next.js: 3.8s, application-code: 111ms)
 GET /login 200 in 206ms (next.js: 19ms, application-code: 188ms)
 GET /api/auth/get-session 200 in 67ms (next.js: 25ms, application-code: 43ms)
 GET /api/users/lookup?username=superadmin 200 in 1258ms (next.js: 1230ms, application-code: 28ms)
 POST /api/auth/sign-in/email 200 in 156ms (next.js: 112ms, application-code: 44ms)
 GET /api/users 200 in 151ms (next.js: 12ms, application-code: 139ms)
 GET /api/disposisi 200 in 103ms (next.js: 10ms, application-code: 92ms)
 GET /api/ai/settings 200 in 92ms (next.js: 18ms, application-code: 74ms)
 GET /api/settings/whatsapp 200 in 57ms (next.js: 12ms, application-code: 45ms)
 GET /api/settings/institution 200 in 43ms (next.js: 18ms, application-code: 25ms)
 GET /api/surat 200 in 258ms (next.js: 17ms, application-code: 241ms)
 GET /api/auth/get-session 200 in 22ms (next.js: 3ms, application-code: 19ms)
 GET /portal 200 in 145ms (next.js: 70ms, application-code: 75ms)
 GET /api/disposisi 200 in 28ms (next.js: 2ms, application-code: 26ms)
 GET /api/users 200 in 56ms (next.js: 1866µs, application-code: 54ms)
 GET /api/surat 200 in 52ms (next.js: 1660µs, application-code: 51ms)
 GET /surat/srt-4aefa079-d345-46ca-951d-fd898e84dd84 200 in 249ms (next.js: 32ms, application-code: 216ms)
 GET /api/auth/get-session 200 in 48ms (next.js: 10ms, application-code: 38ms)
 GET /api/disposisi 200 in 29ms (next.js: 1708µs, application-code: 27ms)
 GET /api/ai/settings 200 in 26ms (next.js: 1611µs, application-code: 24ms)
 GET /api/settings/whatsapp 200 in 11ms (next.js: 2ms, application-code: 9ms)
 GET /api/users 200 in 57ms (next.js: 2ms, application-code: 55ms)
 GET /api/settings/institution 200 in 12ms (next.js: 6ms, application-code: 7ms)
 GET /api/surat 200 in 57ms (next.js: 1445µs, application-code: 55ms)
 GET /surat/srt-4aefa079-d345-46ca-951d-fd898e84dd84 200 in 58ms (next.js: 12ms, application-code: 46ms)
 GET /api/auth/get-session 200 in 36ms (next.js: 9ms, application-code: 26ms)
 GET /api/settings/whatsapp 200 in 8ms (next.js: 1281µs, application-code: 7ms)
 GET /api/disposisi 200 in 30ms (next.js: 1797µs, application-code: 28ms)
 GET /api/ai/settings 200 in 27ms (next.js: 1348µs, application-code: 26ms)
 GET /api/users 200 in 61ms (next.js: 2ms, application-code: 59ms)
 GET /api/settings/institution 200 in 10ms (next.js: 1759µs, application-code: 9ms)
 GET /api/surat 200 in 62ms (next.js: 1567µs, application-code: 60ms)
 GET /surat/srt-4aefa079-d345-46ca-951d-fd898e84dd84 200 in 340ms (next.js: 118ms, application-code: 222ms)
 GET /api/auth/get-session 200 in 359ms (next.js: 278ms, application-code: 80ms)
 GET /api/settings/whatsapp 200 in 17ms (next.js: 8ms, application-code: 9ms)
 GET /api/disposisi 200 in 57ms (next.js: 10ms, application-code: 47ms)
 GET /api/ai/settings 200 in 44ms (next.js: 14ms, application-code: 30ms)
 GET /api/users 200 in 136ms (next.js: 22ms, application-code: 113ms)
 GET /api/settings/institution 200 in 18ms (next.js: 9ms, application-code: 9ms)
 GET /api/surat 200 in 117ms (next.js: 15ms, application-code: 102ms)
 GET /vendor/pdfjs/pdf.min.mjs 404 in 1734ms (next.js: 1633ms, application-code: 101ms)
 GET /surat/srt-4aefa079-d345-46ca-951d-fd898e84dd84 200 in 94ms (next.js: 64ms, application-code: 29ms)
 GET /login 200 in 141ms (next.js: 18ms, application-code: 123ms)
 GET /api/auth/get-session 200 in 356ms (next.js: 327ms, application-code: 29ms)
 GET /surat/srt-4aefa079-d345-46ca-951d-fd898e84dd84 200 in 555ms (next.js: 21ms, application-code: 535ms)
 GET /api/settings/whatsapp 200 in 2.2s (next.js: 2.1s, application-code: 53ms)
 GET /api/disposisi 200 in 2.2s (next.js: 2.1s, application-code: 77ms)
 GET /api/ai/settings 200 in 2.2s (next.js: 2.1s, application-code: 79ms)
 GET /api/users/lookup?username=superadmin 200 in 3.0s (next.js: 2.9s, application-code: 80ms)
 GET /api/auth/get-session 200 in 2.2s (next.js: 2.1s, application-code: 85ms)
 GET /api/users 200 in 2.2s (next.js: 2.1s, application-code: 113ms)
 GET /api/settings/institution 200 in 19ms (next.js: 10ms, application-code: 9ms)
 GET /api/surat 200 in 2.3s (next.js: 2.1s, application-code: 121ms)
 POST /api/auth/sign-in/email 200 in 26ms (next.js: 1707µs, application-code: 25ms)
 GET /api/users 200 in 60ms (next.js: 2ms, application-code: 58ms)
 GET /api/disposisi 200 in 34ms (next.js: 2ms, application-code: 31ms)
 GET /api/settings/whatsapp 200 in 19ms (next.js: 1906µs, application-code: 17ms)
 GET /api/settings/institution 200 in 15ms (next.js: 1922µs, application-code: 14ms)
 GET /api/ai/settings 200 in 31ms (next.js: 1943µs, application-code: 29ms)
 GET /api/surat 200 in 70ms (next.js: 1845µs, application-code: 68ms)
 GET /api/auth/get-session 200 in 21ms (next.js: 2ms, application-code: 19ms)
 GET /portal 200 in 106ms (next.js: 39ms, application-code: 67ms)
 GET /api/users 200 in 188ms (next.js: 3ms, application-code: 185ms)
 GET /api/disposisi 200 in 21ms (next.js: 1640µs, application-code: 20ms)
 GET /api/surat 200 in 40ms (next.js: 1840µs, application-code: 38ms)
 GET /surat/srt-4aefa079-d345-46ca-951d-fd898e84dd84 200 in 205ms (next.js: 33ms, application-code: 173ms)
 GET /api/auth/get-session 200 in 31ms (next.js: 9ms, application-code: 22ms)
 GET /api/disposisi 200 in 23ms (next.js: 3ms, application-code: 20ms)
 GET /api/settings/whatsapp 200 in 12ms (next.js: 1403µs, application-code: 11ms)
 GET /api/users 200 in 59ms (next.js: 2ms, application-code: 57ms)
 GET /api/ai/settings 200 in 32ms (next.js: 1646µs, application-code: 30ms)
 GET /api/settings/institution 200 in 16ms (next.js: 1872µs, application-code: 14ms)
 GET /api/surat 200 in 51ms (next.js: 1660µs, application-code: 50ms)
 GET /api/auth/get-session 200 in 28ms (next.js: 16ms, application-code: 11ms)
 GET /login 200 in 41ms (next.js: 18ms, application-code: 24ms)
 GET /api/auth/get-session 200 in 14ms (next.js: 3ms, application-code: 11ms)
 GET /login 200 in 24ms (next.js: 4ms, application-code: 21ms)
 GET /api/users/lookup?username=superadmin 200 in 25ms (next.js: 1778µs, application-code: 24ms)
 POST /api/auth/sign-in/email 200 in 38ms (next.js: 8ms, application-code: 30ms)
 GET /api/settings/whatsapp 200 in 10ms (next.js: 1455µs, application-code: 9ms)
 GET /api/disposisi 200 in 40ms (next.js: 2ms, application-code: 38ms)
 GET /api/ai/settings 200 in 37ms (next.js: 1771µs, application-code: 35ms)
 GET /api/settings/institution 200 in 22ms (next.js: 1823µs, application-code: 20ms)
 GET /api/users 200 in 72ms (next.js: 1624µs, application-code: 70ms)
 GET /api/surat 200 in 98ms (next.js: 1712µs, application-code: 96ms)
 GET /portal 200 in 45ms (next.js: 3ms, application-code: 42ms)
 GET /api/auth/get-session 200 in 22ms (next.js: 2ms, application-code: 20ms)
 GET /login 200 in 18ms (next.js: 2ms, application-code: 15ms)
 GET /api/disposisi 200 in 37ms (next.js: 2ms, application-code: 34ms)
 GET /api/ai/settings 200 in 34ms (next.js: 1917µs, application-code: 32ms)
 GET /api/settings/whatsapp 200 in 18ms (next.js: 1928µs, application-code: 16ms)
 GET /api/settings/institution 200 in 14ms (next.js: 1689µs, application-code: 13ms)
 GET /api/users 200 in 69ms (next.js: 2ms, application-code: 67ms)
 GET /api/surat 200 in 68ms (next.js: 5ms, application-code: 63ms)
 GET /api/users/lookup?username=superadmin 200 in 11ms (next.js: 1658µs, application-code: 9ms)
 POST /api/auth/sign-in/email 200 in 27ms (next.js: 8ms, application-code: 20ms)
 GET /portal 200 in 31ms (next.js: 2ms, application-code: 29ms)
 GET /api/auth/get-session 200 in 17ms (next.js: 1864µs, application-code: 15ms)
 GET /manajemen-surat 200 in 37ms (next.js: 18ms, application-code: 19ms)
 GET /api/whatsapp/qr 200 in 4.5s (next.js: 4.4s, application-code: 92ms)
 GET /surat?type=masuk 200 in 2.0s (next.js: 1923ms, application-code: 106ms)
 GET /surat?type=masuk 200 in 47ms (next.js: 3ms, application-code: 44ms)
 GET /api/whatsapp/qr 200 in 26ms (next.js: 3ms, application-code: 23ms)
 GET /api/whatsapp/qr 200 in 17ms (next.js: 2ms, application-code: 15ms)
 GET /surat?type=masuk 200 in 23ms (next.js: 4ms, application-code: 19ms)
 GET /surat/srt-4aefa079-d345-46ca-951d-fd898e84dd84 200 in 56ms (next.js: 30ms, application-code: 26ms)
 GET / 307 in 2.4s (next.js: 2.2s, application-code: 145ms)
 GET /login 200 in 95ms (next.js: 8ms, application-code: 87ms)
 GET /api/auth/get-session 200 in 169ms (next.js: 149ms, application-code: 21ms)
 GET /surat/srt-4aefa079-d345-46ca-951d-fd898e84dd84 200 in 347ms (next.js: 38ms, application-code: 309ms)
 GET /api/auth/get-session 200 in 99ms (next.js: 11ms, application-code: 88ms)
 GET /api/disposisi 200 in 79ms (next.js: 11ms, application-code: 68ms)
 GET /api/settings/whatsapp 200 in 25ms (next.js: 9ms, application-code: 16ms)
 GET /api/ai/settings 200 in 56ms (next.js: 17ms, application-code: 39ms)
 GET /api/users 200 in 165ms (next.js: 23ms, application-code: 142ms)
 GET /api/settings/institution 200 in 21ms (next.js: 13ms, application-code: 9ms)
 GET /api/surat 200 in 147ms (next.js: 18ms, application-code: 129ms)
 GET /api/users/lookup?username=superadmin 200 in 22ms (next.js: 9ms, application-code: 12ms)
 POST /api/auth/sign-in/email 200 in 33ms (next.js: 9ms, application-code: 24ms)
 GET /api/disposisi 200 in 38ms (next.js: 3ms, application-code: 36ms)
 GET /api/ai/settings 200 in 35ms (next.js: 1818µs, application-code: 33ms)
 GET /api/settings/whatsapp 200 in 16ms (next.js: 1931µs, application-code: 14ms)
 GET /api/settings/institution 200 in 13ms (next.js: 1478µs, application-code: 12ms)
 GET /api/users 200 in 69ms (next.js: 1673µs, application-code: 67ms)
 GET /api/surat 200 in 116ms (next.js: 2ms, application-code: 114ms)
 GET /api/auth/get-session 200 in 19ms (next.js: 1530µs, application-code: 17ms)
 GET /portal 200 in 74ms (next.js: 19ms, application-code: 55ms)
 GET /api/disposisi 200 in 22ms (next.js: 1689µs, application-code: 20ms)
 GET /api/users 200 in 46ms (next.js: 2ms, application-code: 43ms)
 GET /api/ai/settings 200 in 13ms (next.js: 1891µs, application-code: 11ms)
 GET /api/settings/whatsapp 200 in 7ms (next.js: 1671µs, application-code: 5ms)
 GET /api/surat 200 in 56ms (next.js: 1881µs, application-code: 54ms)
 GET /api/settings/institution 200 in 8ms (next.js: 1674µs, application-code: 6ms)
 GET /manajemen-surat 200 in 59ms (next.js: 28ms, application-code: 31ms)
 GET /api/whatsapp/qr 200 in 185ms (next.js: 160ms, application-code: 25ms)
 GET /api/whatsapp/qr 200 in 19ms (next.js: 3ms, application-code: 16ms)
 GET /surat?type=masuk 200 in 43ms (next.js: 21ms, application-code: 22ms)
 GET /surat/srt-4aefa079-d345-46ca-951d-fd898e84dd84 200 in 30ms (next.js: 10ms, application-code: 20ms)
 GET /surat/srt-005 200 in 30ms (next.js: 9ms, application-code: 21ms)
 GET /surat/srt-4aefa079-d345-46ca-951d-fd898e84dd84 200 in 30ms (next.js: 10ms, application-code: 20ms)
 GET /api/auth/get-session 200 in 29ms (next.js: 11ms, application-code: 17ms)
 GET /api/auth/get-session 200 in 17ms (next.js: 3ms, application-code: 14ms)
 GET /api/auth/get-session 200 in 23ms (next.js: 11ms, application-code: 12ms)
 GET /api/auth/get-session 200 in 12ms (next.js: 1700µs, application-code: 10ms)
 GET /api/auth/get-session 200 in 30ms (next.js: 11ms, application-code: 19ms)
 GET /api/auth/get-session 200 in 17ms (next.js: 1819µs, application-code: 15ms)
 GET /surat/srt-4aefa079-d345-46ca-951d-fd898e84dd84 200 in 65ms (next.js: 10ms, application-code: 55ms)
 GET /api/auth/get-session 200 in 51ms (next.js: 11ms, application-code: 40ms)
 GET /api/disposisi 200 in 38ms (next.js: 1547µs, application-code: 36ms)
 GET /api/settings/whatsapp 200 in 13ms (next.js: 1454µs, application-code: 11ms)
 GET /api/ai/settings 200 in 28ms (next.js: 2ms, application-code: 25ms)
 GET /api/users 200 in 73ms (next.js: 1963µs, application-code: 71ms)
 GET /api/settings/institution 200 in 10ms (next.js: 2ms, application-code: 8ms)
 GET /api/surat 200 in 70ms (next.js: 2ms, application-code: 68ms)
 GET /surat/srt-4aefa079-d345-46ca-951d-fd898e84dd84 200 in 53ms (next.js: 9ms, application-code: 44ms)
 GET /api/auth/get-session 200 in 63ms (next.js: 17ms, application-code: 47ms)
 GET /api/disposisi 200 in 40ms (next.js: 5ms, application-code: 36ms)
 GET /api/settings/whatsapp 200 in 13ms (next.js: 1802µs, application-code: 12ms)
 GET /api/ai/settings 200 in 34ms (next.js: 4ms, application-code: 30ms)
 GET /api/users 200 in 82ms (next.js: 2ms, application-code: 80ms)
 GET /api/settings/institution 200 in 12ms (next.js: 2ms, application-code: 9ms)
 GET /api/surat 200 in 82ms (next.js: 1937µs, application-code: 80ms)
 GET /api/auth/get-session 200 in 23ms (next.js: 10ms, application-code: 14ms)
 GET /api/auth/get-session 200 in 16ms (next.js: 4ms, application-code: 11ms)
 GET /api/auth/get-session 200 in 26ms (next.js: 13ms, application-code: 13ms)
 GET /api/auth/get-session 200 in 17ms (next.js: 1633µs, application-code: 15ms)
 GET /portal 200 in 28ms (next.js: 3ms, application-code: 25ms)
 GET /login 200 in 46ms (next.js: 3ms, application-code: 44ms)
 GET /api/disposisi 200 in 26ms (next.js: 1975µs, application-code: 24ms)
 GET /api/ai/settings 200 in 23ms (next.js: 1928µs, application-code: 21ms)
 GET /api/settings/whatsapp 200 in 15ms (next.js: 1666µs, application-code: 14ms)
 GET /api/users 200 in 60ms (next.js: 2ms, application-code: 57ms)
 GET /login 200 in 87ms (next.js: 4ms, application-code: 83ms)
 GET /api/surat 200 in 63ms (next.js: 1755µs, application-code: 61ms)
 GET /api/settings/institution 200 in 10ms (next.js: 1713µs, application-code: 8ms)
 POST /api/auth/sign-out 200 in 29ms (next.js: 11ms, application-code: 17ms)
 GET /api/auth/get-session 200 in 12ms (next.js: 2ms, application-code: 10ms)
 GET /api/users/lookup?username=ketua 200 in 13ms (next.js: 1713µs, application-code: 12ms)
 POST /api/auth/sign-in/email 200 in 34ms (next.js: 8ms, application-code: 25ms)
 GET /api/disposisi 200 in 21ms (next.js: 1628µs, application-code: 19ms)
 GET /api/settings/whatsapp 200 in 12ms (next.js: 1620µs, application-code: 10ms)
 GET /api/ai/settings 200 in 29ms (next.js: 1721µs, application-code: 28ms)
 GET /api/settings/institution 200 in 14ms (next.js: 2ms, application-code: 12ms)
 GET /api/users 200 in 53ms (next.js: 2ms, application-code: 51ms)
 GET /api/surat 200 in 80ms (next.js: 1712µs, application-code: 78ms)
 GET /api/auth/get-session 200 in 18ms (next.js: 1605µs, application-code: 16ms)
 GET /portal 200 in 52ms (next.js: 3ms, application-code: 49ms)
 GET /login 200 in 21ms (next.js: 4ms, application-code: 17ms)
 GET /api/disposisi 200 in 25ms (next.js: 1502µs, application-code: 23ms)
 GET /api/settings/whatsapp 200 in 11ms (next.js: 1563µs, application-code: 10ms)
 GET /api/ai/settings 200 in 30ms (next.js: 1691µs, application-code: 28ms)
 GET /api/settings/institution 200 in 15ms (next.js: 3ms, application-code: 12ms)
 GET /api/users 200 in 58ms (next.js: 1678µs, application-code: 57ms)
 GET /api/surat 200 in 58ms (next.js: 1500µs, application-code: 56ms)
 GET /api/users/lookup?username=ketua 200 in 10ms (next.js: 1628µs, application-code: 8ms)
 POST /api/auth/sign-in/email 200 in 29ms (next.js: 9ms, application-code: 21ms)
 GET /portal 200 in 23ms (next.js: 3ms, application-code: 21ms)
 GET /api/auth/get-session 200 in 15ms (next.js: 1559µs, application-code: 14ms)
 GET /manajemen-surat 200 in 21ms (next.js: 3ms, application-code: 19ms)
 GET /surat?type=masuk 200 in 23ms (next.js: 3ms, application-code: 21ms)
 GET /surat/srt-4aefa079-d345-46ca-951d-fd898e84dd84 200 in 28ms (next.js: 10ms, application-code: 18ms)
 GET /api/auth/get-session 200 in 21ms (next.js: 10ms, application-code: 10ms)
 GET /api/auth/get-session 200 in 13ms (next.js: 2ms, application-code: 11ms)
 GET /api/auth/get-session 200 in 20ms (next.js: 10ms, application-code: 10ms)
 GET /api/auth/get-session 200 in 18ms (next.js: 2ms, application-code: 16ms)
 GET /api/auth/get-session 200 in 30ms (next.js: 12ms, application-code: 19ms)
 GET /api/auth/get-session 200 in 13ms (next.js: 2ms, application-code: 10ms)
 GET /api/auth/get-session 200 in 24ms (next.js: 9ms, application-code: 15ms)
 GET /api/auth/get-session 200 in 17ms (next.js: 7ms, application-code: 10ms)
 GET /api/auth/get-session 200 in 28ms (next.js: 13ms, application-code: 15ms)
 GET /api/auth/get-session 200 in 15ms (next.js: 1775µs, application-code: 13ms)
 GET /api/auth/get-session 200 in 27ms (next.js: 10ms, application-code: 17ms)
 GET /api/auth/get-session 200 in 15ms (next.js: 1488µs, application-code: 14ms)
 GET /surat/srt-4aefa079-d345-46ca-951d-fd898e84dd84 200 in 56ms (next.js: 11ms, application-code: 45ms)
 GET /surat/srt-4aefa079-d345-46ca-951d-fd898e84dd84 200 in 51ms (next.js: 4ms, application-code: 47ms)
 GET /surat/srt-4aefa079-d345-46ca-951d-fd898e84dd84 200 in 29ms (next.js: 4ms, application-code: 25ms)
 GET /surat/srt-4aefa079-d345-46ca-951d-fd898e84dd84 200 in 94ms (next.js: 15ms, application-code: 79ms)
 GET /surat/srt-4aefa079-d345-46ca-951d-fd898e84dd84 200 in 462ms (next.js: 11ms, application-code: 451ms)
 GET /surat/srt-4aefa079-d345-46ca-951d-fd898e84dd84 200 in 241ms (next.js: 189ms, application-code: 52ms)
 GET /surat/srt-4aefa079-d345-46ca-951d-fd898e84dd84 200 in 64ms (next.js: 29ms, application-code: 35ms)
 GET /pdf-viewer?file=%2Fuploads%2Fpdf%2F1776479623402-salinan_putusan_1776066333_3596739.pdf&name=salinan_putusan_1776066333_3596739.pdf&embedded=1 200 in 2.3s (next.js: 1973ms, application-code: 307ms)
 GET /surat/srt-4aefa079-d345-46ca-951d-fd898e84dd84 200 in 159ms (next.js: 12ms, application-code: 148ms)
 GET /api/auth/get-session 200 in 17ms (next.js: 3ms, application-code: 14ms)
○ Compiling /api/settings/institution ...
 GET /api/settings/whatsapp 200 in 4.3s (next.js: 4.2s, application-code: 38ms)
▲ Next.js 16.2.3 (webpack)
- Local:         http://localhost:3000
- Network:       http://192.168.68.102:3000
- Environments: .env.local
✓ Ready in 731ms
[32m✔[0m [33mConsole Ninja[0m extension is connected to [33mNext.js[0m, see [36mhttps://tinyurl.com/2vt8jxzw[0m

○ Compiling /surat/[id] ...
 GET /api/surat 200 in 12.6s (next.js: 11.5s, application-code: 1049ms)
 GET /api/users 200 in 12.6s (next.js: 11.5s, application-code: 1049ms)
 GET /api/ai/settings 200 in 12.6s (next.js: 11.5s, application-code: 1052ms)
 GET /api/disposisi 200 in 12.6s (next.js: 11.5s, application-code: 1051ms)
 GET /surat/srt-4aefa079-d345-46ca-951d-fd898e84dd84 200 in 12.5s (next.js: 12.2s, application-code: 357ms)
 GET /api/settings/whatsapp 200 in 2.3s (next.js: 2.3s, application-code: 34ms)
 GET /api/ai/settings 200 in 2.3s (next.js: 2.3s, application-code: 54ms)
 GET /api/disposisi 200 in 2.3s (next.js: 2.3s, application-code: 57ms)
 GET /api/users 200 in 2.4s (next.js: 2.3s, application-code: 64ms)
 GET /api/surat 200 in 2.4s (next.js: 2.3s, application-code: 84ms)
 GET /api/settings/institution 200 in 1042ms (next.js: 1024ms, application-code: 17ms)
 GET /api/auth/get-session 200 in 3.5s (next.js: 3.5s, application-code: 36ms)
 GET /login 200 in 917ms (next.js: 881ms, application-code: 36ms)
 GET /login 200 in 94ms (next.js: 62ms, application-code: 32ms)
 GET /login 200 in 22ms (next.js: 2ms, application-code: 20ms)
 GET /login 200 in 195ms (next.js: 3ms, application-code: 192ms)
 GET /api/auth/get-session 200 in 215ms (next.js: 188ms, application-code: 28ms)
 GET /login 200 in 325ms (next.js: 8ms, application-code: 317ms)
 GET /api/auth/get-session 200 in 14ms (next.js: 3ms, application-code: 11ms)
 GET /api/users/lookup?username=superadmin 200 in 1039ms (next.js: 1000ms, application-code: 39ms)
 POST /api/auth/sign-in/email 200 in 212ms (next.js: 150ms, application-code: 62ms)
 GET /api/users 200 in 137ms (next.js: 13ms, application-code: 124ms)
 GET /api/disposisi 200 in 85ms (next.js: 13ms, application-code: 72ms)
 GET /api/ai/settings 200 in 69ms (next.js: 16ms, application-code: 53ms)
 GET /api/settings/whatsapp 200 in 41ms (next.js: 12ms, application-code: 29ms)
 GET /api/settings/institution 200 in 25ms (next.js: 11ms, application-code: 15ms)
 GET /api/surat 200 in 128ms (next.js: 18ms, application-code: 110ms)
 GET /api/auth/get-session 200 in 1908ms (next.js: 1853ms, application-code: 54ms)
 GET /portal 200 in 1932ms (next.js: 1857ms, application-code: 74ms)
 GET /api/users 200 in 82ms (next.js: 17ms, application-code: 65ms)
 GET /api/disposisi 200 in 36ms (next.js: 7ms, application-code: 29ms)
 GET /api/ai/settings 200 in 28ms (next.js: 7ms, application-code: 21ms)
 GET /api/surat 200 in 64ms (next.js: 11ms, application-code: 53ms)
 GET /api/settings/whatsapp 200 in 16ms (next.js: 3ms, application-code: 13ms)
 GET /api/settings/institution 200 in 12ms (next.js: 4ms, application-code: 8ms)
 GET /surat/srt-4aefa079-d345-46ca-951d-fd898e84dd84 200 in 218ms (next.js: 28ms, application-code: 190ms)
 GET /api/settings/whatsapp 200 in 14ms (next.js: 1593µs, application-code: 12ms)
 GET /api/disposisi 200 in 35ms (next.js: 1857µs, application-code: 33ms)
 GET /api/ai/settings 200 in 32ms (next.js: 2ms, application-code: 29ms)
 GET /api/users 200 in 67ms (next.js: 1778µs, application-code: 65ms)
 GET /api/settings/institution 200 in 12ms (next.js: 1764µs, application-code: 10ms)
 GET /api/surat 200 in 84ms (next.js: 2ms, application-code: 82ms)
 GET /api/auth/get-session 200 in 28ms (next.js: 10ms, application-code: 18ms)
 GET /login 200 in 213ms (next.js: 27ms, application-code: 185ms)
 GET /api/auth/get-session 200 in 7ms (next.js: 1681µs, application-code: 5ms)
 GET /login 200 in 56ms (next.js: 3ms, application-code: 53ms)
 GET /api/auth/get-session 200 in 20ms (next.js: 12ms, application-code: 8ms)
 GET /api/users/lookup?username=superadmin 200 in 24ms (next.js: 5ms, application-code: 19ms)
 POST /api/auth/sign-in/email 200 in 26ms (next.js: 2ms, application-code: 24ms)
 GET /api/disposisi 200 in 23ms (next.js: 1569µs, application-code: 21ms)
 GET /api/users 200 in 56ms (next.js: 3ms, application-code: 54ms)
 GET /api/ai/settings 200 in 31ms (next.js: 1778µs, application-code: 29ms)
 GET /api/settings/whatsapp 200 in 17ms (next.js: 2ms, application-code: 14ms)
 GET /api/settings/institution 200 in 13ms (next.js: 1808µs, application-code: 11ms)
 GET /api/surat 200 in 80ms (next.js: 2ms, application-code: 78ms)
 GET /api/auth/get-session 200 in 15ms (next.js: 1961µs, application-code: 13ms)
 GET /portal 200 in 49ms (next.js: 3ms, application-code: 46ms)
 GET /api/disposisi 200 in 16ms (next.js: 1740µs, application-code: 14ms)
 GET /api/users 200 in 84ms (next.js: 2ms, application-code: 82ms)
 GET /api/surat 200 in 37ms (next.js: 2ms, application-code: 35ms)
 GET /surat/srt-4aefa079-d345-46ca-951d-fd898e84dd84 200 in 102ms (next.js: 9ms, application-code: 93ms)
 GET /api/auth/get-session 200 in 44ms (next.js: 9ms, application-code: 35ms)
 GET /api/disposisi 200 in 24ms (next.js: 1556µs, application-code: 22ms)
 GET /api/ai/settings 200 in 21ms (next.js: 1495µs, application-code: 19ms)
 GET /api/settings/whatsapp 200 in 10ms (next.js: 1927µs, application-code: 8ms)
 GET /api/users 200 in 50ms (next.js: 1696µs, application-code: 48ms)
 GET /api/settings/institution 200 in 8ms (next.js: 1763µs, application-code: 6ms)
 GET /api/surat 200 in 54ms (next.js: 1507µs, application-code: 52ms)
 GET /login 200 in 44ms (next.js: 2ms, application-code: 41ms)
 GET /api/auth/get-session 200 in 16ms (next.js: 9ms, application-code: 6ms)
 GET /api/users/lookup?username=superadmin 200 in 18ms (next.js: 2ms, application-code: 16ms)
 POST /api/auth/sign-in/email 200 in 20ms (next.js: 1817µs, application-code: 18ms)
 GET /api/disposisi 200 in 31ms (next.js: 4ms, application-code: 27ms)
 GET /api/ai/settings 200 in 26ms (next.js: 1781µs, application-code: 24ms)
 GET /api/settings/whatsapp 200 in 16ms (next.js: 2ms, application-code: 14ms)
 GET /api/users 200 in 65ms (next.js: 3ms, application-code: 63ms)
 GET /api/settings/institution 200 in 10ms (next.js: 1872µs, application-code: 8ms)
 GET /api/surat 200 in 62ms (next.js: 1772µs, application-code: 60ms)
 GET /portal 200 in 48ms (next.js: 4ms, application-code: 44ms)
 GET /api/auth/get-session 200 in 20ms (next.js: 2ms, application-code: 17ms)
 GET /api/disposisi 200 in 23ms (next.js: 1800µs, application-code: 21ms)
 GET /api/users 200 in 58ms (next.js: 2ms, application-code: 56ms)
 GET /api/surat 200 in 33ms (next.js: 2ms, application-code: 31ms)
 GET /surat/srt-4aefa079-d345-46ca-951d-fd898e84dd84 200 in 113ms (next.js: 10ms, application-code: 102ms)
 GET /api/auth/get-session 200 in 45ms (next.js: 9ms, application-code: 35ms)
 GET /api/disposisi 200 in 24ms (next.js: 2ms, application-code: 21ms)
 GET /api/ai/settings 200 in 20ms (next.js: 1505µs, application-code: 18ms)
 GET /api/settings/whatsapp 200 in 10ms (next.js: 1941µs, application-code: 8ms)
 GET /api/users 200 in 53ms (next.js: 2ms, application-code: 51ms)
 GET /api/settings/institution 200 in 8ms (next.js: 1820µs, application-code: 6ms)
 GET /api/surat 200 in 52ms (next.js: 1858µs, application-code: 50ms)
 GET /pdf-viewer?file=%2Fuploads%2Fpdf%2F1776479623402-salinan_putusan_1776066333_3596739.pdf&name=salinan_putusan_1776066333_3596739.pdf 200 in 2.4s (next.js: 2.3s, application-code: 165ms)
 GET /api/auth/get-session 200 in 313ms (next.js: 290ms, application-code: 23ms)
 GET /login 200 in 420ms (next.js: 17ms, application-code: 403ms)
 GET /api/auth/get-session 200 in 15ms (next.js: 9ms, application-code: 6ms)
 GET /login 200 in 76ms (next.js: 49ms, application-code: 27ms)
 GET /login 200 in 190ms (next.js: 153ms, application-code: 37ms)
 GET /api/auth/get-session 200 in 154ms (next.js: 140ms, application-code: 14ms)
 GET /api/auth/get-session 200 in 7ms (next.js: 1585µs, application-code: 6ms)
 GET /api/users/lookup?username=superadmin 200 in 1523ms (next.js: 1502ms, application-code: 21ms)
 POST /api/auth/sign-in/email 200 in 150ms (next.js: 110ms, application-code: 39ms)
 GET /api/settings/whatsapp 200 in 1753ms (next.js: 1723ms, application-code: 30ms)
 GET /api/settings/institution 200 in 1754ms (next.js: 1723ms, application-code: 32ms)
 GET /api/disposisi 200 in 1771ms (next.js: 1724ms, application-code: 47ms)
 GET /api/ai/settings 200 in 1773ms (next.js: 1723ms, application-code: 49ms)
 GET /api/users 200 in 1813ms (next.js: 1742ms, application-code: 71ms)
 GET /api/surat 200 in 1802ms (next.js: 1725ms, application-code: 78ms)
○ Compiling /portal ...
 GET /api/auth/get-session 200 in 3.1s (next.js: 3.0s, application-code: 53ms)
 GET /portal 200 in 3.1s (next.js: 3.0s, application-code: 76ms)
 GET /api/disposisi 200 in 53ms (next.js: 6ms, application-code: 47ms)
 GET /api/settings/whatsapp 200 in 24ms (next.js: 5ms, application-code: 19ms)
 GET /api/ai/settings 200 in 50ms (next.js: 10ms, application-code: 40ms)
 GET /api/users 200 in 112ms (next.js: 21ms, application-code: 91ms)
 GET /api/surat 200 in 101ms (next.js: 11ms, application-code: 90ms)
 GET /api/settings/institution 200 in 16ms (next.js: 7ms, application-code: 8ms)
 GET /manajemen-surat 200 in 1851ms (next.js: 1817ms, application-code: 34ms)
 GET /api/whatsapp/qr 200 in 2.2s (next.js: 2.1s, application-code: 99ms)
 GET /api/whatsapp/qr 200 in 22ms (next.js: 3ms, application-code: 20ms)
 GET /manajemen-surat 200 in 99ms (next.js: 28ms, application-code: 72ms)
 GET /surat?type=masuk 200 in 2.2s (next.js: 2.1s, application-code: 29ms)
 GET /api/whatsapp/qr 200 in 303ms (next.js: 279ms, application-code: 23ms)
 GET /login 200 in 54ms (next.js: 19ms, application-code: 35ms)
 GET /login 200 in 18ms (next.js: 2ms, application-code: 16ms)
 GET /api/disposisi 200 in 65ms (next.js: 11ms, application-code: 54ms)
 GET /api/settings/whatsapp 200 in 31ms (next.js: 8ms, application-code: 23ms)
 GET /api/settings/institution 200 in 21ms (next.js: 8ms, application-code: 12ms)
 GET /api/users 200 in 124ms (next.js: 11ms, application-code: 112ms)
 GET /api/ai/settings 200 in 57ms (next.js: 15ms, application-code: 42ms)
 GET /api/surat 200 in 113ms (next.js: 16ms, application-code: 97ms)
 POST /api/auth/sign-out 200 in 41ms (next.js: 17ms, application-code: 24ms)
 GET /api/auth/get-session 200 in 9ms (next.js: 1644µs, application-code: 7ms)
 GET /api/users/lookup?username=ketua 200 in 18ms (next.js: 9ms, application-code: 9ms)
 POST /api/auth/sign-in/email 200 in 38ms (next.js: 9ms, application-code: 28ms)
 GET /api/settings/whatsapp 200 in 15ms (next.js: 1440µs, application-code: 13ms)
 GET /api/users 200 in 50ms (next.js: 3ms, application-code: 48ms)
 GET /api/disposisi 200 in 35ms (next.js: 2ms, application-code: 33ms)
 GET /api/ai/settings 200 in 32ms (next.js: 1701µs, application-code: 30ms)
 GET /api/settings/institution 200 in 14ms (next.js: 1606µs, application-code: 12ms)
 GET /api/surat 200 in 92ms (next.js: 1665µs, application-code: 91ms)
 GET /portal 200 in 54ms (next.js: 21ms, application-code: 34ms)
 GET /api/auth/get-session 200 in 17ms (next.js: 1634µs, application-code: 16ms)
 GET /login 200 in 21ms (next.js: 3ms, application-code: 18ms)
 GET /api/disposisi 200 in 26ms (next.js: 2ms, application-code: 23ms)
 GET /api/settings/whatsapp 200 in 11ms (next.js: 2ms, application-code: 9ms)
 GET /api/ai/settings 200 in 36ms (next.js: 2ms, application-code: 34ms)
 GET /api/settings/institution 200 in 20ms (next.js: 5ms, application-code: 14ms)
 GET /api/users 200 in 71ms (next.js: 2ms, application-code: 69ms)
 GET /api/surat 200 in 70ms (next.js: 1811µs, application-code: 68ms)
 GET /api/users/lookup?username=ketua 200 in 11ms (next.js: 1955µs, application-code: 9ms)
 POST /api/auth/sign-in/email 200 in 24ms (next.js: 9ms, application-code: 15ms)
 GET /portal 200 in 32ms (next.js: 3ms, application-code: 29ms)
 GET /api/auth/get-session 200 in 17ms (next.js: 1813µs, application-code: 15ms)
 GET /manajemen-surat 200 in 25ms (next.js: 8ms, application-code: 17ms)
 GET /surat?type=masuk 200 in 19ms (next.js: 3ms, application-code: 16ms)
 GET /login 200 in 55ms (next.js: 7ms, application-code: 47ms)
 GET /api/disposisi 200 in 29ms (next.js: 2ms, application-code: 27ms)
 GET /api/ai/settings 200 in 29ms (next.js: 1633µs, application-code: 27ms)
 GET /api/settings/whatsapp 200 in 23ms (next.js: 1715µs, application-code: 22ms)
 GET /api/users 200 in 73ms (next.js: 1920µs, application-code: 71ms)
 GET /login 200 in 101ms (next.js: 2ms, application-code: 99ms)
 GET /api/surat 200 in 76ms (next.js: 4ms, application-code: 72ms)
 GET /api/settings/institution 200 in 12ms (next.js: 3ms, application-code: 9ms)
 POST /api/auth/sign-out 200 in 28ms (next.js: 10ms, application-code: 18ms)
 GET /api/auth/get-session 200 in 8ms (next.js: 1629µs, application-code: 6ms)
 GET /api/users/lookup?username=superadmin 200 in 15ms (next.js: 1586µs, application-code: 13ms)
 POST /api/auth/sign-in/email 200 in 31ms (next.js: 10ms, application-code: 21ms)
 GET /api/settings/whatsapp 200 in 22ms (next.js: 1632µs, application-code: 20ms)
 GET /api/settings/institution 200 in 17ms (next.js: 1649µs, application-code: 15ms)
 GET /api/users 200 in 58ms (next.js: 1828µs, application-code: 56ms)
 GET /api/disposisi 200 in 37ms (next.js: 1549µs, application-code: 35ms)
 GET /api/ai/settings 200 in 34ms (next.js: 1478µs, application-code: 33ms)
 GET /api/surat 200 in 74ms (next.js: 2ms, application-code: 71ms)
 GET /api/auth/get-session 200 in 13ms (next.js: 1583µs, application-code: 11ms)
 GET /portal 200 in 48ms (next.js: 2ms, application-code: 45ms)
 GET /login 200 in 21ms (next.js: 4ms, application-code: 18ms)
 GET /api/settings/whatsapp 200 in 16ms (next.js: 3ms, application-code: 13ms)
 GET /api/disposisi 200 in 50ms (next.js: 1965µs, application-code: 48ms)
 GET /api/ai/settings 200 in 46ms (next.js: 3ms, application-code: 44ms)
 GET /api/settings/institution 200 in 24ms (next.js: 2ms, application-code: 21ms)
 GET /api/users 200 in 75ms (next.js: 2ms, application-code: 73ms)
 GET /api/surat 200 in 72ms (next.js: 1656µs, application-code: 71ms)
 GET /login 200 in 181ms (next.js: 2ms, application-code: 179ms)
 GET /api/auth/get-session 200 in 24ms (next.js: 9ms, application-code: 14ms)
 GET /api/settings/whatsapp 200 in 7ms (next.js: 1442µs, application-code: 6ms)
 GET /api/disposisi 200 in 36ms (next.js: 2ms, application-code: 34ms)
 GET /api/ai/settings 200 in 33ms (next.js: 1707µs, application-code: 31ms)
 GET /api/settings/institution 200 in 21ms (next.js: 2ms, application-code: 19ms)
 GET /api/users 200 in 57ms (next.js: 1932µs, application-code: 55ms)
 GET /api/surat 200 in 54ms (next.js: 1665µs, application-code: 52ms)
 GET /api/users/lookup?username=superadmin 200 in 14ms (next.js: 1661µs, application-code: 12ms)
 POST /api/auth/sign-in/email 200 in 24ms (next.js: 8ms, application-code: 16ms)
 GET /portal 200 in 25ms (next.js: 2ms, application-code: 23ms)
 GET /api/auth/get-session 200 in 14ms (next.js: 1852µs, application-code: 12ms)
 GET /manajemen-surat 200 in 26ms (next.js: 3ms, application-code: 23ms)
 GET /api/whatsapp/qr 200 in 15ms (next.js: 1870µs, application-code: 13ms)
 GET /api/whatsapp/qr 200 in 16ms (next.js: 2ms, application-code: 14ms)
 GET /surat?type=masuk&compose=1 200 in 23ms (next.js: 3ms, application-code: 20ms)
 POST /api/ai/extract-surat 200 in 2.5s (next.js: 2.5s, application-code: 42ms)
 POST /api/uploads/pdf 200 in 1496ms (next.js: 1464ms, application-code: 32ms)
 POST /api/surat 201 in 317ms (next.js: 216ms, application-code: 101ms)
 GET /api/ai/settings 200 in 58ms (next.js: 16ms, application-code: 42ms)
 GET /api/settings/whatsapp 200 in 30ms (next.js: 9ms, application-code: 21ms)
 GET /api/users 200 in 117ms (next.js: 11ms, application-code: 106ms)
 GET /api/disposisi 200 in 66ms (next.js: 9ms, application-code: 57ms)
 GET /api/settings/institution 200 in 24ms (next.js: 12ms, application-code: 13ms)
 GET /api/surat 200 in 112ms (next.js: 1582µs, application-code: 110ms)
 GET /surat/srt-1af01e60-42c2-46be-a96f-544f21722560 200 in 1816ms (next.js: 1776ms, application-code: 40ms)
 GET /pdf-viewer?file=%2Fuploads%2Fpdf%2F1776483842854-1776479623402-salinan_putusan_1776066333_3596739.pdf&name=1776479623402-salinan_putusan_1776066333_3596739.pdf&embedded=1 200 in 165ms (next.js: 23ms, application-code: 141ms)
 GET /pdf-viewer?file=%2Fuploads%2Fpdf%2F1776483842854-1776479623402-salinan_putusan_1776066333_3596739.pdf&name=1776479623402-salinan_putusan_1776066333_3596739.pdf&embedded=1 200 in 42ms (next.js: 3ms, application-code: 39ms)
 GET /api/disposisi 200 in 46ms (next.js: 4ms, application-code: 42ms)
 GET /api/ai/settings 200 in 40ms (next.js: 5ms, application-code: 35ms)
 GET /api/surat 200 in 61ms (next.js: 8ms, application-code: 53ms)
 GET /api/users 200 in 228ms (next.js: 157ms, application-code: 71ms)
 GET /surat/srt-1af01e60-42c2-46be-a96f-544f21722560 200 in 390ms (next.js: 15ms, application-code: 375ms)
 GET /api/auth/get-session 200 in 69ms (next.js: 16ms, application-code: 53ms)
 GET /api/disposisi 200 in 34ms (next.js: 1571µs, application-code: 33ms)
 GET /api/ai/settings 200 in 32ms (next.js: 1388µs, application-code: 31ms)
 GET /api/settings/whatsapp 200 in 14ms (next.js: 4ms, application-code: 10ms)
 GET /api/users 200 in 65ms (next.js: 1533µs, application-code: 63ms)
 GET /api/settings/institution 200 in 13ms (next.js: 5ms, application-code: 8ms)
 GET /api/surat 200 in 66ms (next.js: 1995µs, application-code: 64ms)
 GET /pdf-viewer?file=%2Fuploads%2Fpdf%2F1776483842854-1776479623402-salinan_putusan_1776066333_3596739.pdf&name=1776479623402-salinan_putusan_1776066333_3596739.pdf&embedded=1 200 in 46ms (next.js: 3ms, application-code: 43ms)
 GET /pdf-viewer?file=%2Fuploads%2Fpdf%2F1776483842854-1776479623402-salinan_putusan_1776066333_3596739.pdf&name=1776479623402-salinan_putusan_1776066333_3596739.pdf&embedded=1 200 in 52ms (next.js: 4ms, application-code: 48ms)
 GET /api/auth/get-session 200 in 33ms (next.js: 9ms, application-code: 24ms)
 GET /api/disposisi 200 in 29ms (next.js: 6ms, application-code: 23ms)
 GET /api/settings/whatsapp 200 in 14ms (next.js: 1731µs, application-code: 12ms)
 GET /api/users 200 in 64ms (next.js: 3ms, application-code: 61ms)
 GET /api/ai/settings 200 in 32ms (next.js: 1776µs, application-code: 30ms)
 GET /api/settings/institution 200 in 14ms (next.js: 2ms, application-code: 11ms)
 GET /api/surat 200 in 57ms (next.js: 1726µs, application-code: 55ms)
 GET /pdf-viewer?file=%2Fuploads%2Fpdf%2F1776483842854-1776479623402-salinan_putusan_1776066333_3596739.pdf&name=1776479623402-salinan_putusan_1776066333_3596739.pdf&embedded=1 200 in 56ms (next.js: 3ms, application-code: 53ms)
 GET /api/auth/get-session 200 in 23ms (next.js: 10ms, application-code: 13ms)
 GET /api/disposisi 200 in 28ms (next.js: 1590µs, application-code: 27ms)
 GET /api/ai/settings 200 in 26ms (next.js: 1571µs, application-code: 24ms)
 GET /api/settings/whatsapp 200 in 16ms (next.js: 1982µs, application-code: 14ms)
 GET /api/settings/institution 200 in 11ms (next.js: 1820µs, application-code: 9ms)
 GET /api/users 200 in 58ms (next.js: 2ms, application-code: 56ms)
 GET /api/surat 200 in 56ms (next.js: 2ms, application-code: 54ms)
 GET /pdf-viewer?file=%2Fuploads%2Fpdf%2F1776483842854-1776479623402-salinan_putusan_1776066333_3596739.pdf&name=1776479623402-salinan_putusan_1776066333_3596739.pdf&embedded=1 200 in 40ms (next.js: 3ms, application-code: 37ms)
 GET /api/auth/get-session 200 in 19ms (next.js: 9ms, application-code: 10ms)
 GET /api/settings/whatsapp 200 in 10ms (next.js: 3ms, application-code: 8ms)
 GET /api/disposisi 200 in 45ms (next.js: 3ms, application-code: 42ms)
 GET /api/ai/settings 200 in 39ms (next.js: 3ms, application-code: 37ms)
 GET /api/settings/institution 200 in 23ms (next.js: 2ms, application-code: 21ms)
 GET /api/users 200 in 73ms (next.js: 3ms, application-code: 70ms)
 GET /api/surat 200 in 69ms (next.js: 2ms, application-code: 66ms)
 GET /surat?type=masuk&compose=1 200 in 45ms (next.js: 24ms, application-code: 21ms)
 GET /surat/srt-1af01e60-42c2-46be-a96f-544f21722560 200 in 30ms (next.js: 9ms, application-code: 21ms)
 GET /pdf-viewer?file=%2Fuploads%2Fpdf%2F1776483842854-1776479623402-salinan_putusan_1776066333_3596739.pdf&name=1776479623402-salinan_putusan_1776066333_3596739.pdf&embedded=1 200 in 37ms (next.js: 3ms, application-code: 34ms)
 GET /pdf-viewer?file=%2Fuploads%2Fpdf%2F1776483842854-1776479623402-salinan_putusan_1776066333_3596739.pdf&name=1776479623402-salinan_putusan_1776066333_3596739.pdf&embedded=1 200 in 50ms (next.js: 3ms, application-code: 47ms)
 GET /api/auth/get-session 200 in 23ms (next.js: 10ms, application-code: 13ms)
 GET /api/disposisi 200 in 47ms (next.js: 3ms, application-code: 44ms)
 GET /api/settings/whatsapp 200 in 38ms (next.js: 3ms, application-code: 35ms)
 GET /api/ai/settings 200 in 51ms (next.js: 3ms, application-code: 49ms)
 GET /api/settings/institution 200 in 21ms (next.js: 3ms, application-code: 17ms)
 GET /api/users 200 in 89ms (next.js: 3ms, application-code: 86ms)
 GET /api/surat 200 in 103ms (next.js: 3ms, application-code: 99ms)
 GET /pdf-viewer?file=%2Fuploads%2Fpdf%2F1776483842854-1776479623402-salinan_putusan_1776066333_3596739.pdf&name=1776479623402-salinan_putusan_1776066333_3596739.pdf&embedded=1 200 in 44ms (next.js: 3ms, application-code: 41ms)
 GET /api/auth/get-session 200 in 30ms (next.js: 11ms, application-code: 18ms)
 GET /api/settings/whatsapp 200 in 8ms (next.js: 1715µs, application-code: 6ms)
 GET /api/disposisi 200 in 32ms (next.js: 5ms, application-code: 27ms)
 GET /api/ai/settings 200 in 26ms (next.js: 2ms, application-code: 24ms)
 GET /api/users 200 in 68ms (next.js: 3ms, application-code: 65ms)
 GET /api/settings/institution 200 in 13ms (next.js: 3ms, application-code: 10ms)
 GET /api/surat 200 in 68ms (next.js: 3ms, application-code: 65ms)
 GET /api/auth/get-session 200 in 43ms (next.js: 14ms, application-code: 29ms)
 GET /api/auth/get-session 200 in 25ms (next.js: 3ms, application-code: 22ms)
 GET /api/auth/get-session 200 in 24ms (next.js: 3ms, application-code: 21ms)
 GET /api/auth/get-session 200 in 16ms (next.js: 2ms, application-code: 14ms)
 GET /pdf-viewer?file=%2Fuploads%2Fpdf%2F1776483842854-1776479623402-salinan_putusan_1776066333_3596739.pdf&name=1776479623402-salinan_putusan_1776066333_3596739.pdf&embedded=1 200 in 73ms (next.js: 3ms, application-code: 70ms)
 GET /api/auth/get-session 200 in 64ms (next.js: 14ms, application-code: 51ms)
 GET /api/disposisi 200 in 57ms (next.js: 7ms, application-code: 51ms)
 GET /api/settings/whatsapp 200 in 17ms (next.js: 2ms, application-code: 14ms)
 GET /api/ai/settings 200 in 37ms (next.js: 3ms, application-code: 34ms)
 GET /api/users 200 in 105ms (next.js: 7ms, application-code: 98ms)
 GET /api/settings/institution 200 in 13ms (next.js: 2ms, application-code: 10ms)
 GET /api/surat 200 in 100ms (next.js: 3ms, application-code: 98ms)
 GET /api/auth/get-session 200 in 36ms (next.js: 14ms, application-code: 22ms)
 GET /api/auth/get-session 200 in 14ms (next.js: 3ms, application-code: 11ms)
 GET /api/auth/get-session 200 in 18ms (next.js: 3ms, application-code: 15ms)
 GET /api/auth/get-session 200 in 13ms (next.js: 3ms, application-code: 10ms)
 GET /pdf-viewer?file=%2Fuploads%2Fpdf%2F1776483842854-1776479623402-salinan_putusan_1776066333_3596739.pdf&name=1776479623402-salinan_putusan_1776066333_3596739.pdf&embedded=1 200 in 51ms (next.js: 3ms, application-code: 48ms)
 GET /api/auth/get-session 200 in 23ms (next.js: 11ms, application-code: 11ms)
 GET /api/users 200 in 90ms (next.js: 3ms, application-code: 87ms)
 GET /api/disposisi 200 in 58ms (next.js: 4ms, application-code: 54ms)
 GET /api/ai/settings 200 in 55ms (next.js: 3ms, application-code: 51ms)
 GET /api/settings/whatsapp 200 in 33ms (next.js: 3ms, application-code: 30ms)
 GET /api/settings/institution 200 in 27ms (next.js: 3ms, application-code: 24ms)
 GET /api/surat 200 in 109ms (next.js: 3ms, application-code: 106ms)
 GET /api/auth/get-session 200 in 24ms (next.js: 12ms, application-code: 12ms)
 GET /api/auth/get-session 200 in 21ms (next.js: 3ms, application-code: 18ms)
 GET /api/auth/get-session 200 in 15ms (next.js: 3ms, application-code: 12ms)
 GET /api/auth/get-session 200 in 12ms (next.js: 1977µs, application-code: 10ms)
 GET /api/surat/srt-1af01e60-42c2-46be-a96f-544f21722560 200 in 3.0s (next.js: 3.0s, application-code: 12ms)
 GET /pdf-viewer?file=%2Fuploads%2Fpdf%2F1776483842854-1776479623402-salinan_putusan_1776066333_3596739.pdf&name=1776479623402-salinan_putusan_1776066333_3596739.pdf 200 in 224ms (next.js: 62ms, application-code: 162ms)
 GET /pdf-viewer?file=%2Fuploads%2Fpdf%2F1776483842854-1776479623402-salinan_putusan_1776066333_3596739.pdf&name=1776479623402-salinan_putusan_1776066333_3596739.pdf&embedded=1 200 in 329ms (next.js: 4ms, application-code: 325ms)
 GET /surat/srt-1af01e60-42c2-46be-a96f-544f21722560 200 in 271ms (next.js: 38ms, application-code: 233ms)
 GET /api/auth/get-session 200 in 1415ms (next.js: 1386ms, application-code: 29ms)
 GET /api/auth/get-session 200 in 48ms (next.js: 10ms, application-code: 37ms)
 GET /api/settings/whatsapp 200 in 1933ms (next.js: 1905ms, application-code: 28ms)
 GET /api/settings/institution 200 in 1932ms (next.js: 1902ms, application-code: 29ms)
 GET /api/disposisi 200 in 1959ms (next.js: 1913ms, application-code: 45ms)
 GET /api/ai/settings 200 in 1954ms (next.js: 1906ms, application-code: 48ms)
 GET /api/users 200 in 2.1s (next.js: 1929ms, application-code: 133ms)
 GET /api/surat 200 in 2.1s (next.js: 1914ms, application-code: 147ms)
 GET /pdf-viewer?file=%2Fuploads%2Fpdf%2F1776483842854-1776479623402-salinan_putusan_1776066333_3596739.pdf&name=1776479623402-salinan_putusan_1776066333_3596739.pdf 200 in 151ms (next.js: 50ms, application-code: 101ms)
 GET /surat/srt-1af01e60-42c2-46be-a96f-544f21722560 200 in 59ms (next.js: 21ms, application-code: 38ms)
 GET /pdf-viewer?file=%2Fuploads%2Fpdf%2F1776483842854-1776479623402-salinan_putusan_1776066333_3596739.pdf&name=1776479623402-salinan_putusan_1776066333_3596739.pdf&embedded=1 200 in 118ms (next.js: 2ms, application-code: 116ms)
 GET /pdf-viewer?file=%2Fuploads%2Fpdf%2F1776483842854-1776479623402-salinan_putusan_1776066333_3596739.pdf&name=1776479623402-salinan_putusan_1776066333_3596739.pdf&embedded=1 200 in 37ms (next.js: 2ms, application-code: 35ms)
 GET /api/auth/get-session 200 in 33ms (next.js: 11ms, application-code: 21ms)
 GET /api/disposisi 200 in 29ms (next.js: 1631µs, application-code: 28ms)
 GET /api/ai/settings 200 in 27ms (next.js: 1768µs, application-code: 25ms)
 GET /api/settings/whatsapp 200 in 21ms (next.js: 2ms, application-code: 19ms)
 GET /api/settings/institution 200 in 17ms (next.js: 1882µs, application-code: 15ms)
 GET /api/users 200 in 58ms (next.js: 2ms, application-code: 56ms)
 GET /api/surat 200 in 56ms (next.js: 1795µs, application-code: 54ms)
 GET /login 200 in 1764ms (next.js: 1652ms, application-code: 112ms)
 GET /api/auth/get-session 200 in 129ms (next.js: 120ms, application-code: 9ms)
 GET /api/users/lookup?username=superadmin 200 in 1426ms (next.js: 1408ms, application-code: 18ms)
 POST /api/auth/sign-in/email 200 in 131ms (next.js: 96ms, application-code: 35ms)
 GET /api/users 200 in 114ms (next.js: 11ms, application-code: 103ms)
 GET /api/disposisi 200 in 73ms (next.js: 10ms, application-code: 63ms)
 GET /api/settings/whatsapp 200 in 32ms (next.js: 9ms, application-code: 23ms)
 GET /api/settings/institution 200 in 20ms (next.js: 9ms, application-code: 11ms)
 GET /api/ai/settings 200 in 58ms (next.js: 16ms, application-code: 42ms)
 GET /api/surat 200 in 168ms (next.js: 17ms, application-code: 152ms)
 GET /portal 200 in 82ms (next.js: 36ms, application-code: 46ms)
 GET /api/auth/get-session 200 in 17ms (next.js: 1709µs, application-code: 15ms)
 GET /api/users 200 in 176ms (next.js: 1742µs, application-code: 174ms)
 GET /api/disposisi 200 in 22ms (next.js: 1783µs, application-code: 20ms)
 GET /api/surat 200 in 179ms (next.js: 1664µs, application-code: 177ms)
 GET /surat/srt-1af01e60-42c2-46be-a96f-544f21722560 200 in 189ms (next.js: 29ms, application-code: 160ms)
 GET /api/auth/get-session 200 in 44ms (next.js: 8ms, application-code: 35ms)
 GET /api/disposisi 200 in 25ms (next.js: 1657µs, application-code: 23ms)
 GET /api/ai/settings 200 in 21ms (next.js: 1524µs, application-code: 19ms)
 GET /api/settings/whatsapp 200 in 11ms (next.js: 1930µs, application-code: 9ms)
 GET /api/users 200 in 57ms (next.js: 2ms, application-code: 55ms)
 GET /api/settings/institution 200 in 14ms (next.js: 2ms, application-code: 12ms)
 GET /api/surat 200 in 56ms (next.js: 1995µs, application-code: 54ms)
 GET /pdf-viewer?file=%2Fuploads%2Fpdf%2F1776483842854-1776479623402-salinan_putusan_1776066333_3596739.pdf&name=1776479623402-salinan_putusan_1776066333_3596739.pdf&embedded=1 200 in 48ms (next.js: 15ms, application-code: 33ms)
 GET /login 200 in 88ms (next.js: 19ms, application-code: 68ms)
 GET /api/auth/get-session 200 in 17ms (next.js: 10ms, application-code: 6ms)
 GET /api/users/lookup?username=superadmin 200 in 20ms (next.js: 2ms, application-code: 18ms)
 POST /api/auth/sign-in/email 200 in 25ms (next.js: 1547µs, application-code: 23ms)
 GET /api/users 200 in 55ms (next.js: 2ms, application-code: 53ms)
 GET /api/disposisi 200 in 33ms (next.js: 1623µs, application-code: 31ms)
 GET /api/ai/settings 200 in 30ms (next.js: 1586µs, application-code: 28ms)
 GET /api/settings/whatsapp 200 in 19ms (next.js: 1773µs, application-code: 18ms)
 GET /api/settings/institution 200 in 16ms (next.js: 1398µs, application-code: 15ms)
 GET /api/surat 200 in 80ms (next.js: 2ms, application-code: 78ms)
 GET /portal 200 in 47ms (next.js: 4ms, application-code: 43ms)
 GET /api/auth/get-session 200 in 19ms (next.js: 1607µs, application-code: 18ms)
 GET /api/users 200 in 90ms (next.js: 2ms, application-code: 88ms)
 GET /api/disposisi 200 in 27ms (next.js: 2ms, application-code: 25ms)
 GET /api/surat 200 in 40ms (next.js: 1866µs, application-code: 38ms)
 GET /surat/srt-1af01e60-42c2-46be-a96f-544f21722560 200 in 109ms (next.js: 10ms, application-code: 99ms)
 GET /api/auth/get-session 200 in 37ms (next.js: 9ms, application-code: 28ms)
 GET /api/disposisi 200 in 24ms (next.js: 1608µs, application-code: 22ms)
 GET /api/ai/settings 200 in 21ms (next.js: 1262µs, application-code: 20ms)
 GET /api/settings/whatsapp 200 in 13ms (next.js: 1794µs, application-code: 11ms)
 GET /api/users 200 in 53ms (next.js: 1920µs, application-code: 51ms)
 GET /api/settings/institution 200 in 9ms (next.js: 1768µs, application-code: 7ms)
 GET /api/surat 200 in 58ms (next.js: 1434µs, application-code: 57ms)
 GET /pdf-viewer?file=%2Fuploads%2Fpdf%2F1776483842854-1776479623402-salinan_putusan_1776066333_3596739.pdf&name=1776479623402-salinan_putusan_1776066333_3596739.pdf&embedded=1 200 in 34ms (next.js: 2ms, application-code: 31ms)
 GET /surat/srt-1af01e60-42c2-46be-a96f-544f21722560 200 in 277ms (next.js: 184ms, application-code: 93ms)
 GET /pdf-viewer?file=%2Fuploads%2Fpdf%2F1776483842854-1776479623402-salinan_putusan_1776066333_3596739.pdf&name=1776479623402-salinan_putusan_1776066333_3596739.pdf&embedded=1 200 in 50ms (next.js: 15ms, application-code: 35ms)
 GET /login 200 in 196ms (next.js: 16ms, application-code: 180ms)
 GET /api/auth/get-session 200 in 648ms (next.js: 611ms, application-code: 37ms)
 GET /surat/srt-1af01e60-42c2-46be-a96f-544f21722560 200 in 918ms (next.js: 17ms, application-code: 901ms)
 GET /api/users/lookup?username=superadmin 200 in 50ms (next.js: 29ms, application-code: 22ms)
 POST /api/auth/sign-in/email 200 in 31ms (next.js: 2ms, application-code: 29ms)
 GET /api/users 200 in 149ms (next.js: 13ms, application-code: 136ms)
 GET /api/disposisi 200 in 98ms (next.js: 14ms, application-code: 84ms)
 GET /api/ai/settings 200 in 83ms (next.js: 16ms, application-code: 66ms)
 GET /api/settings/whatsapp 200 in 49ms (next.js: 12ms, application-code: 37ms)
 GET /api/settings/institution 200 in 31ms (next.js: 11ms, application-code: 20ms)
 GET /api/surat 200 in 196ms (next.js: 19ms, application-code: 176ms)
 GET /api/auth/get-session 200 in 26ms (next.js: 3ms, application-code: 23ms)
 GET /portal 200 in 88ms (next.js: 27ms, application-code: 61ms)
 GET /api/users 200 in 63ms (next.js: 3ms, application-code: 60ms)
 GET /api/settings/whatsapp 200 in 15ms (next.js: 2ms, application-code: 12ms)
 GET /api/disposisi 200 in 37ms (next.js: 3ms, application-code: 34ms)
 GET /api/ai/settings 200 in 33ms (next.js: 3ms, application-code: 31ms)
 GET /api/surat 200 in 78ms (next.js: 3ms, application-code: 75ms)
 GET /api/settings/institution 200 in 9ms (next.js: 3ms, application-code: 6ms)
 GET /surat/srt-1af01e60-42c2-46be-a96f-544f21722560 200 in 96ms (next.js: 13ms, application-code: 83ms)
 GET /api/auth/get-session 200 in 38ms (next.js: 15ms, application-code: 23ms)
 GET /api/disposisi 200 in 49ms (next.js: 3ms, application-code: 47ms)
 GET /api/settings/whatsapp 200 in 28ms (next.js: 3ms, application-code: 25ms)
 GET /api/settings/institution 200 in 23ms (next.js: 3ms, application-code: 19ms)
 GET /api/users 200 in 82ms (next.js: 3ms, application-code: 80ms)
 GET /api/ai/settings 200 in 45ms (next.js: 3ms, application-code: 42ms)
 GET /api/surat 200 in 82ms (next.js: 3ms, application-code: 80ms)
 GET /api/auth/get-session 200 in 20ms (next.js: 4ms, application-code: 16ms)
 GET /api/users 200 in 70ms (next.js: 3ms, application-code: 68ms)
 GET /api/settings/whatsapp 200 in 19ms (next.js: 2ms, application-code: 17ms)
 GET /api/settings/institution 200 in 15ms (next.js: 3ms, application-code: 12ms)
 GET /api/disposisi 200 in 42ms (next.js: 3ms, application-code: 39ms)
 GET /api/ai/settings 200 in 35ms (next.js: 3ms, application-code: 33ms)
 GET /api/surat 200 in 63ms (next.js: 2ms, application-code: 61ms)
 GET /api/auth/get-session 200 in 29ms (next.js: 11ms, application-code: 18ms)
 GET /api/auth/get-session 200 in 11ms (next.js: 2ms, application-code: 9ms)
 GET /surat/srt-1af01e60-42c2-46be-a96f-544f21722560 200 in 54ms (next.js: 9ms, application-code: 45ms)
 GET /api/auth/get-session 200 in 24ms (next.js: 12ms, application-code: 12ms)
 GET /api/settings/whatsapp 200 in 13ms (next.js: 1714µs, application-code: 11ms)
 GET /api/disposisi 200 in 49ms (next.js: 3ms, application-code: 46ms)
 GET /api/ai/settings 200 in 45ms (next.js: 5ms, application-code: 40ms)
 GET /api/settings/institution 200 in 23ms (next.js: 1743µs, application-code: 21ms)
 GET /api/users 200 in 86ms (next.js: 2ms, application-code: 83ms)
 GET /api/surat 200 in 73ms (next.js: 1821µs, application-code: 72ms)
 GET /surat/srt-1af01e60-42c2-46be-a96f-544f21722560 200 in 58ms (next.js: 10ms, application-code: 48ms)
 GET /api/auth/get-session 200 in 47ms (next.js: 10ms, application-code: 37ms)
 GET /api/disposisi 200 in 36ms (next.js: 1737µs, application-code: 35ms)
 GET /api/ai/settings 200 in 35ms (next.js: 1632µs, application-code: 33ms)
 GET /api/settings/whatsapp 200 in 14ms (next.js: 2ms, application-code: 12ms)
 GET /api/users 200 in 67ms (next.js: 1887µs, application-code: 66ms)
 GET /api/settings/institution 200 in 10ms (next.js: 1944µs, application-code: 8ms)
 GET /api/surat 200 in 68ms (next.js: 1537µs, application-code: 66ms)
 GET /api/auth/get-session 200 in 24ms (next.js: 11ms, application-code: 13ms)
 GET /api/auth/get-session 200 in 13ms (next.js: 1858µs, application-code: 11ms)
 GET / 307 in 3.1s (next.js: 2.8s, application-code: 258ms)
 GET /login 200 in 116ms (next.js: 16ms, application-code: 100ms)
 GET /api/auth/get-session 200 in 335ms (next.js: 307ms, application-code: 28ms)
 GET /surat/srt-1af01e60-42c2-46be-a96f-544f21722560 200 in 539ms (next.js: 41ms, application-code: 498ms)
 GET /api/auth/get-session 200 in 28ms (next.js: 2ms, application-code: 26ms)
 GET /api/settings/whatsapp 200 in 22ms (next.js: 9ms, application-code: 13ms)
 GET /api/disposisi 200 in 63ms (next.js: 12ms, application-code: 52ms)
 GET /api/ai/settings 200 in 44ms (next.js: 10ms, application-code: 34ms)
 GET /api/settings/institution 200 in 19ms (next.js: 11ms, application-code: 8ms)
 GET /api/users 200 in 142ms (next.js: 23ms, application-code: 119ms)
 GET /api/surat 200 in 119ms (next.js: 16ms, application-code: 102ms)
 GET /api/users/lookup?username=ketua 200 in 1073ms (next.js: 1055ms, application-code: 18ms)
 POST /api/auth/sign-in/email 200 in 121ms (next.js: 88ms, application-code: 33ms)
 GET /api/settings/whatsapp 200 in 31ms (next.js: 9ms, application-code: 23ms)
 GET /api/disposisi 200 in 62ms (next.js: 11ms, application-code: 50ms)
 GET /api/settings/institution 200 in 25ms (next.js: 9ms, application-code: 16ms)
 GET /api/users 200 in 122ms (next.js: 11ms, application-code: 111ms)
 GET /api/ai/settings 200 in 50ms (next.js: 14ms, application-code: 36ms)
 GET /api/surat 200 in 192ms (next.js: 17ms, application-code: 175ms)
 GET /api/auth/get-session 200 in 18ms (next.js: 1525µs, application-code: 17ms)
 GET /portal 200 in 108ms (next.js: 50ms, application-code: 58ms)
 GET /api/disposisi 200 in 13ms (next.js: 1754µs, application-code: 11ms)
 GET /api/users 200 in 41ms (next.js: 4ms, application-code: 37ms)
 GET /api/ai/settings 200 in 17ms (next.js: 1617µs, application-code: 15ms)
 GET /api/surat 200 in 48ms (next.js: 1772µs, application-code: 46ms)
 GET /api/settings/whatsapp 200 in 8ms (next.js: 2ms, application-code: 6ms)
 GET /api/settings/institution 200 in 8ms (next.js: 2ms, application-code: 5ms)
 GET /manajemen-surat 200 in 1576ms (next.js: 1549ms, application-code: 27ms)
 GET /surat?type=masuk 200 in 47ms (next.js: 22ms, application-code: 26ms)
 GET /surat/srt-1af01e60-42c2-46be-a96f-544f21722560 200 in 57ms (next.js: 33ms, application-code: 24ms)
 GET /api/auth/get-session 200 in 161ms (next.js: 146ms, application-code: 15ms)
 GET /api/auth/get-session 200 in 10ms (next.js: 1565µs, application-code: 8ms)
 GET / 307 in 160ms (next.js: 31ms, application-code: 128ms)
 GET /login 200 in 112ms (next.js: 19ms, application-code: 93ms)
 GET /api/auth/get-session 200 in 21ms (next.js: 10ms, application-code: 12ms)
 GET /api/disposisi 200 in 82ms (next.js: 10ms, application-code: 72ms)
 GET /api/settings/whatsapp 200 in 35ms (next.js: 9ms, application-code: 26ms)
 GET /api/settings/institution 200 in 24ms (next.js: 9ms, application-code: 15ms)
 GET /api/ai/settings 200 in 64ms (next.js: 16ms, application-code: 47ms)
 GET /api/users 200 in 140ms (next.js: 20ms, application-code: 120ms)
 GET /api/surat 200 in 119ms (next.js: 16ms, application-code: 104ms)
 GET /api/users/lookup?username=superadmin 200 in 27ms (next.js: 11ms, application-code: 15ms)
 POST /api/auth/sign-in/email 200 in 36ms (next.js: 9ms, application-code: 27ms)
 GET /api/disposisi 200 in 26ms (next.js: 2ms, application-code: 24ms)
 GET /api/settings/whatsapp 200 in 9ms (next.js: 1987µs, application-code: 7ms)
 GET /api/ai/settings 200 in 30ms (next.js: 3ms, application-code: 27ms)
 GET /api/settings/institution 200 in 15ms (next.js: 1747µs, application-code: 13ms)
 GET /api/users 200 in 63ms (next.js: 2ms, application-code: 61ms)
 GET /api/surat 200 in 137ms (next.js: 1543µs, application-code: 136ms)
 GET /api/disposisi 200 in 20ms (next.js: 1487µs, application-code: 19ms)
 GET /api/users 200 in 49ms (next.js: 2ms, application-code: 47ms)
 GET /api/ai/settings 200 in 24ms (next.js: 1602µs, application-code: 23ms)
 GET /api/settings/whatsapp 200 in 9ms (next.js: 1691µs, application-code: 7ms)
 GET /api/settings/institution 200 in 8ms (next.js: 1844µs, application-code: 6ms)
 GET /api/surat 200 in 61ms (next.js: 1779µs, application-code: 59ms)
 GET /portal 200 in 131ms (next.js: 22ms, application-code: 109ms)
 GET /api/auth/get-session 200 in 23ms (next.js: 3ms, application-code: 20ms)
 GET /api/disposisi 200 in 33ms (next.js: 1778µs, application-code: 31ms)
 GET /api/ai/settings 200 in 30ms (next.js: 2ms, application-code: 28ms)
 GET /api/settings/whatsapp 200 in 21ms (next.js: 1755µs, application-code: 19ms)
 GET /api/settings/institution 200 in 17ms (next.js: 1488µs, application-code: 16ms)
 GET /api/users 200 in 58ms (next.js: 3ms, application-code: 55ms)
 GET /api/surat 200 in 56ms (next.js: 1639µs, application-code: 54ms)
 GET /manajemen-surat 200 in 20ms (next.js: 3ms, application-code: 17ms)
 GET /api/whatsapp/qr 200 in 4.7s (next.js: 4.6s, application-code: 100ms)
 GET /surat?type=masuk 200 in 3.2s (next.js: 3.1s, application-code: 117ms)
 GET /surat?type=masuk 200 in 145ms (next.js: 3ms, application-code: 142ms)
 GET /api/whatsapp/qr 200 in 20ms (next.js: 1895µs, application-code: 18ms)
 GET /surat/srt-1af01e60-42c2-46be-a96f-544f21722560 200 in 116ms (next.js: 33ms, application-code: 83ms)
 GET /surat/srt-1af01e60-42c2-46be-a96f-544f21722560 200 in 56ms (next.js: 3ms, application-code: 53ms)
 GET /surat?type=masuk 200 in 27ms (next.js: 3ms, application-code: 25ms)
 GET /surat/srt-1af01e60-42c2-46be-a96f-544f21722560 200 in 29ms (next.js: 10ms, application-code: 19ms)
 GET /api/auth/get-session 200 in 63ms (next.js: 27ms, application-code: 36ms)
 GET /api/users 200 in 150ms (next.js: 14ms, application-code: 136ms)
 GET /api/settings/whatsapp 200 in 37ms (next.js: 10ms, application-code: 27ms)
 GET /api/settings/institution 200 in 25ms (next.js: 10ms, application-code: 14ms)
 GET /api/disposisi 200 in 78ms (next.js: 11ms, application-code: 67ms)
 GET /api/ai/settings 200 in 65ms (next.js: 17ms, application-code: 48ms)
 GET /api/surat 200 in 113ms (next.js: 18ms, application-code: 95ms)
 GET /api/auth/get-session 200 in 13ms (next.js: 1725µs, application-code: 11ms)
 GET /api/auth/get-session 200 in 23ms (next.js: 3ms, application-code: 20ms)
 GET /api/auth/get-session 200 in 10ms (next.js: 1708µs, application-code: 9ms)
 GET /api/auth/get-session 200 in 35ms (next.js: 11ms, application-code: 24ms)
 GET /api/auth/get-session 200 in 36ms (next.js: 3ms, application-code: 33ms)
 GET /api/auth/get-session 200 in 14ms (next.js: 3ms, application-code: 11ms)
 GET /api/auth/get-session 200 in 10ms (next.js: 1853µs, application-code: 8ms)
 GET /api/auth/get-session 200 in 10ms (next.js: 1589µs, application-code: 9ms)
 GET /api/auth/get-session 200 in 14ms (next.js: 1635µs, application-code: 12ms)
 GET /login 200 in 193ms (next.js: 16ms, application-code: 177ms)
 GET /api/auth/get-session 200 in 24ms (next.js: 11ms, application-code: 13ms)
 GET /api/users/lookup?username=superadmin 200 in 25ms (next.js: 11ms, application-code: 14ms)
 POST /api/auth/sign-in/email 200 in 36ms (next.js: 10ms, application-code: 26ms)
 GET /api/users 200 in 58ms (next.js: 1885µs, application-code: 56ms)
 GET /api/disposisi 200 in 32ms (next.js: 2ms, application-code: 29ms)
 GET /api/settings/whatsapp 200 in 15ms (next.js: 1556µs, application-code: 13ms)
 GET /api/settings/institution 200 in 12ms (next.js: 1411µs, application-code: 11ms)
 GET /api/ai/settings 200 in 29ms (next.js: 1922µs, application-code: 27ms)
 GET /api/surat 200 in 98ms (next.js: 3ms, application-code: 95ms)
 GET /api/auth/get-session 200 in 18ms (next.js: 2ms, application-code: 16ms)
 GET /portal 200 in 61ms (next.js: 10ms, application-code: 51ms)
 GET /api/users 200 in 48ms (next.js: 2ms, application-code: 46ms)
 GET /api/disposisi 200 in 30ms (next.js: 1928µs, application-code: 28ms)
 GET /api/settings/whatsapp 200 in 12ms (next.js: 1775µs, application-code: 10ms)
 GET /api/ai/settings 200 in 22ms (next.js: 2ms, application-code: 20ms)
 GET /api/surat 200 in 59ms (next.js: 1989µs, application-code: 57ms)
 GET /api/settings/institution 200 in 6ms (next.js: 1600µs, application-code: 4ms)
 GET /surat/srt-1af01e60-42c2-46be-a96f-544f21722560 200 in 122ms (next.js: 10ms, application-code: 113ms)
 GET /api/auth/get-session 200 in 45ms (next.js: 13ms, application-code: 32ms)
 GET /api/disposisi 200 in 27ms (next.js: 3ms, application-code: 24ms)
 GET /api/ai/settings 200 in 23ms (next.js: 1955µs, application-code: 21ms)
 GET /api/settings/whatsapp 200 in 17ms (next.js: 2ms, application-code: 14ms)
 GET /api/users 200 in 74ms (next.js: 2ms, application-code: 71ms)
 GET /api/settings/institution 200 in 13ms (next.js: 3ms, application-code: 10ms)
 GET /api/surat 200 in 74ms (next.js: 3ms, application-code: 71ms)
 GET /surat/srt-1af01e60-42c2-46be-a96f-544f21722560 200 in 148ms (next.js: 5ms, application-code: 144ms)
 GET /surat/srt-1af01e60-42c2-46be-a96f-544f21722560 200 in 207ms (next.js: 17ms, application-code: 190ms)
 GET /surat/srt-1af01e60-42c2-46be-a96f-544f21722560 200 in 54ms (next.js: 4ms, application-code: 50ms)
 GET /surat/srt-1af01e60-42c2-46be-a96f-544f21722560 200 in 282ms (next.js: 179ms, application-code: 103ms)
 GET /surat/srt-1af01e60-42c2-46be-a96f-544f21722560 200 in 67ms (next.js: 4ms, application-code: 63ms)
 GET /surat/srt-1af01e60-42c2-46be-a96f-544f21722560 200 in 33ms (next.js: 3ms, application-code: 31ms)
 GET /surat/srt-1af01e60-42c2-46be-a96f-544f21722560 200 in 190ms (next.js: 82ms, application-code: 108ms)
 GET /surat/srt-1af01e60-42c2-46be-a96f-544f21722560 200 in 78ms (next.js: 3ms, application-code: 75ms)
 GET /surat/srt-1af01e60-42c2-46be-a96f-544f21722560 200 in 37ms (next.js: 3ms, application-code: 34ms)
 GET /pdf-viewer?file=%2Fuploads%2Fpdf%2F1776483842854-1776479623402-salinan_putusan_1776066333_3596739.pdf&name=1776479623402-salinan_putusan_1776066333_3596739.pdf 200 in 176ms (next.js: 17ms, application-code: 159ms)
 GET /surat/srt-1af01e60-42c2-46be-a96f-544f21722560 200 in 332ms (next.js: 17ms, application-code: 315ms)
 GET /api/auth/get-session 200 in 2.5s (next.js: 2.4s, application-code: 93ms)
 GET /surat/srt-1af01e60-42c2-46be-a96f-544f21722560 200 in 3.2s (next.js: 2.3s, application-code: 874ms)
 GET /surat/srt-1af01e60-42c2-46be-a96f-544f21722560 200 in 3.2s (next.js: 2.3s, application-code: 879ms)
 GET /api/auth/get-session 200 in 218ms (next.js: 163ms, application-code: 56ms)
 GET /api/settings/whatsapp 200 in 3.4s (next.js: 3.4s, application-code: 68ms)
 GET /api/settings/whatsapp 200 in 3.4s (next.js: 3.4s, application-code: 70ms)
○ Compiling /api/settings/whatsapp ...
 GET /api/disposisi 200 in 3.5s (next.js: 3.4s, application-code: 95ms)
 GET /api/disposisi 200 in 3.5s (next.js: 3.4s, application-code: 97ms)
 GET /api/ai/settings 200 in 3.5s (next.js: 3.4s, application-code: 99ms)
 GET /api/ai/settings 200 in 3.5s (next.js: 3.4s, application-code: 100ms)
 GET /api/auth/get-session 200 in 3.5s (next.js: 3.4s, application-code: 109ms)
 GET /api/users 200 in 3.5s (next.js: 3.4s, application-code: 140ms)
 GET /api/users 200 in 3.5s (next.js: 3.4s, application-code: 142ms)
 GET /api/users 200 in 3.5s (next.js: 3.4s, application-code: 144ms)
 GET /api/surat 200 in 3.6s (next.js: 3.4s, application-code: 186ms)
 GET /api/surat 200 in 3.6s (next.js: 3.4s, application-code: 189ms)
 GET /api/settings/whatsapp 200 in 2.8s (next.js: 2.7s, application-code: 63ms)
 GET /api/settings/institution 200 in 2.9s (next.js: 2.8s, application-code: 65ms)
 GET /api/settings/institution 200 in 2.8s (next.js: 2.8s, application-code: 68ms)
 GET /api/settings/institution 200 in 2.8s (next.js: 2.7s, application-code: 70ms)
 GET /api/disposisi 200 in 2.8s (next.js: 2.8s, application-code: 79ms)
 GET /api/ai/settings 200 in 2.8s (next.js: 2.7s, application-code: 82ms)
▲ Next.js 16.2.3 (webpack)
- Local:         http://localhost:3000
- Network:       http://192.168.68.102:3000
- Environments: .env.local
✓ Ready in 804ms
[32m✔[0m [33mConsole Ninja[0m extension is connected to [33mNext.js[0m, see [36mhttps://tinyurl.com/2vt8jxzw[0m

○ Compiling /surat/[id] ...
 GET /surat/srt-1af01e60-42c2-46be-a96f-544f21722560 200 in 9.5s (next.js: 9.1s, application-code: 423ms)
 GET /api/auth/get-session 200 in 9.5s (next.js: 9.4s, application-code: 73ms)
 GET /api/surat 200 in 9.8s (next.js: 8.3s, application-code: 1505ms)
 GET /surat/srt-1af01e60-42c2-46be-a96f-544f21722560 200 in 46ms (next.js: 6ms, application-code: 40ms)
 GET /surat/srt-1af01e60-42c2-46be-a96f-544f21722560 200 in 9.8s (next.js: 9.1s, application-code: 732ms)
 GET /surat/srt-1af01e60-42c2-46be-a96f-544f21722560 200 in 9.8s (next.js: 9.0s, application-code: 735ms)
 GET /surat/srt-1af01e60-42c2-46be-a96f-544f21722560 200 in 323ms (next.js: 17ms, application-code: 306ms)
 GET /surat/srt-1af01e60-42c2-46be-a96f-544f21722560 200 in 303ms (next.js: 4ms, application-code: 299ms)
 GET /api/auth/get-session 200 in 43ms (next.js: 16ms, application-code: 28ms)
 GET /api/auth/get-session 200 in 24ms (next.js: 3ms, application-code: 21ms)
 GET /api/surat 200 in 37ms (next.js: 2ms, application-code: 34ms)
 GET /api/settings/whatsapp 200 in 3.1s (next.js: 3.0s, application-code: 102ms)
 GET /api/settings/institution 200 in 3.1s (next.js: 3.0s, application-code: 103ms)
 GET /api/disposisi 200 in 3.1s (next.js: 3.0s, application-code: 126ms)
 GET /api/ai/settings 200 in 3.1s (next.js: 3.0s, application-code: 128ms)
 GET /api/auth/get-session 200 in 3.1s (next.js: 3.0s, application-code: 126ms)
 GET /api/users 200 in 3.1s (next.js: 3.0s, application-code: 146ms)
 GET /login 200 in 3.1s (next.js: 2.9s, application-code: 185ms)
 GET /login 200 in 52ms (next.js: 3ms, application-code: 49ms)
 GET /login 200 in 33ms (next.js: 3ms, application-code: 30ms)
 GET /api/auth/get-session 200 in 33ms (next.js: 17ms, application-code: 16ms)
 GET /api/auth/get-session 200 in 13ms (next.js: 3ms, application-code: 10ms)
 GET /api/auth/get-session 200 in 13ms (next.js: 4ms, application-code: 9ms)
 GET /api/auth/get-session 200 in 9ms (next.js: 1798µs, application-code: 7ms)
 GET /api/auth/get-session 200 in 9ms (next.js: 3ms, application-code: 6ms)
 GET /api/auth/get-session 200 in 10ms (next.js: 1748µs, application-code: 9ms)
 GET /api/auth/get-session 200 in 19ms (next.js: 11ms, application-code: 8ms)
 GET /api/auth/get-session 200 in 9ms (next.js: 1428µs, application-code: 7ms)
 GET /api/users/lookup?username=superadmin 200 in 1281ms (next.js: 1247ms, application-code: 34ms)
 POST /api/auth/sign-in/email 200 in 292ms (next.js: 231ms, application-code: 61ms)
 GET /api/settings/whatsapp 200 in 1842ms (next.js: 1808ms, application-code: 34ms)
 GET /api/settings/institution 200 in 1843ms (next.js: 1807ms, application-code: 36ms)
 GET /api/disposisi 200 in 1863ms (next.js: 1810ms, application-code: 53ms)
 GET /api/ai/settings 200 in 1864ms (next.js: 1809ms, application-code: 55ms)
 GET /api/users 200 in 1909ms (next.js: 1828ms, application-code: 81ms)
 GET /api/surat 200 in 1903ms (next.js: 1816ms, application-code: 87ms)
○ Compiling /portal ...
 GET /api/auth/get-session 200 in 2.7s (next.js: 2.6s, application-code: 88ms)
 GET /portal 200 in 2.7s (next.js: 2.6s, application-code: 114ms)
 GET /api/disposisi 200 in 52ms (next.js: 5ms, application-code: 47ms)
 GET /api/ai/settings 200 in 43ms (next.js: 6ms, application-code: 36ms)
 GET /api/settings/whatsapp 200 in 29ms (next.js: 4ms, application-code: 25ms)
 GET /api/settings/institution 200 in 23ms (next.js: 4ms, application-code: 20ms)
 GET /api/users 200 in 112ms (next.js: 11ms, application-code: 100ms)
 GET /api/surat 200 in 84ms (next.js: 11ms, application-code: 73ms)
 GET /manajemen-surat 200 in 1239ms (next.js: 1199ms, application-code: 41ms)
 GET /api/whatsapp/qr 200 in 4.0s (next.js: 3.9s, application-code: 108ms)
 GET /surat?type=masuk 200 in 2.7s (next.js: 2.5s, application-code: 142ms)
 GET /surat?type=masuk 200 in 72ms (next.js: 3ms, application-code: 70ms)
 GET /api/whatsapp/qr 200 in 26ms (next.js: 3ms, application-code: 23ms)
 GET /login 200 in 129ms (next.js: 16ms, application-code: 113ms)
 GET /login 200 in 61ms (next.js: 3ms, application-code: 58ms)
 GET /manajemen-surat 200 in 47ms (next.js: 12ms, application-code: 35ms)
 GET /surat/srt-005 200 in 49ms (next.js: 27ms, application-code: 22ms)
 GET /surat?type=masuk 200 in 21ms (next.js: 3ms, application-code: 18ms)
 POST /api/ai/extract-surat 200 in 1831ms (next.js: 1771ms, application-code: 60ms)
 POST /api/uploads/pdf 200 in 1403ms (next.js: 1371ms, application-code: 32ms)
 POST /api/surat 201 in 291ms (next.js: 169ms, application-code: 122ms)
 GET /api/settings/whatsapp 200 in 24ms (next.js: 9ms, application-code: 15ms)
 GET /api/disposisi 200 in 83ms (next.js: 9ms, application-code: 74ms)
 GET /api/ai/settings 200 in 72ms (next.js: 14ms, application-code: 58ms)
 GET /api/settings/institution 200 in 32ms (next.js: 9ms, application-code: 23ms)
 GET /api/users 200 in 126ms (next.js: 11ms, application-code: 115ms)
 GET /api/surat 200 in 118ms (next.js: 2ms, application-code: 115ms)
 GET /surat/srt-c5cae5d8-4331-4dea-a954-e12620d30b71 200 in 107ms (next.js: 72ms, application-code: 35ms)
 GET /api/auth/get-session 200 in 1549ms (next.js: 1465ms, application-code: 84ms)
 GET /api/auth/get-session 200 in 8ms (next.js: 2ms, application-code: 6ms)
 GET /login 200 in 246ms (next.js: 83ms, application-code: 163ms)
 GET /api/auth/get-session 200 in 11ms (next.js: 3ms, application-code: 8ms)
 GET /login 200 in 134ms (next.js: 2ms, application-code: 132ms)
 GET /api/auth/get-session 200 in 9ms (next.js: 2ms, application-code: 7ms)
 GET /surat/srt-c5cae5d8-4331-4dea-a954-e12620d30b71 200 in 118ms (next.js: 30ms, application-code: 88ms)
 GET /api/auth/get-session 200 in 28ms (next.js: 11ms, application-code: 17ms)
 GET /api/auth/get-session 200 in 19ms (next.js: 3ms, application-code: 16ms)
 GET /api/auth/get-session 200 in 12ms (next.js: 2ms, application-code: 10ms)
 GET /api/auth/get-session 200 in 11ms (next.js: 3ms, application-code: 8ms)
 GET /api/auth/get-session 200 in 22ms (next.js: 11ms, application-code: 11ms)
 GET /api/auth/get-session 200 in 16ms (next.js: 3ms, application-code: 13ms)
 GET /api/auth/get-session 200 in 12ms (next.js: 3ms, application-code: 9ms)
 GET /api/auth/get-session 200 in 11ms (next.js: 3ms, application-code: 8ms)
 GET /api/auth/get-session 200 in 33ms (next.js: 11ms, application-code: 22ms)
 GET /api/auth/get-session 200 in 26ms (next.js: 3ms, application-code: 22ms)
 GET /api/auth/get-session 200 in 21ms (next.js: 12ms, application-code: 9ms)
 GET /api/auth/get-session 200 in 18ms (next.js: 4ms, application-code: 14ms)
 GET /api/auth/get-session 200 in 22ms (next.js: 6ms, application-code: 16ms)
 GET /api/auth/get-session 200 in 7ms (next.js: 2ms, application-code: 5ms)
 GET /api/auth/get-session 200 in 35ms (next.js: 12ms, application-code: 23ms)
 GET /api/auth/get-session 200 in 15ms (next.js: 1910µs, application-code: 13ms)
 GET /api/auth/get-session 200 in 27ms (next.js: 16ms, application-code: 11ms)
 GET /api/auth/get-session 200 in 24ms (next.js: 3ms, application-code: 21ms)
 GET /api/auth/get-session 200 in 14ms (next.js: 6ms, application-code: 8ms)
 GET /api/auth/get-session 200 in 10ms (next.js: 3ms, application-code: 7ms)
 GET /api/auth/get-session 200 in 7ms (next.js: 2ms, application-code: 5ms)
 GET /api/auth/get-session 200 in 11ms (next.js: 1508µs, application-code: 9ms)
 GET /api/auth/get-session 200 in 25ms (next.js: 14ms, application-code: 11ms)
 GET /api/auth/get-session 200 in 13ms (next.js: 3ms, application-code: 10ms)
 GET /api/auth/get-session 200 in 15ms (next.js: 5ms, application-code: 11ms)
 GET /api/auth/get-session 200 in 18ms (next.js: 5ms, application-code: 13ms)
 GET /api/surat/srt-1af01e60-42c2-46be-a96f-544f21722560 404 in 2.5s (next.js: 2.5s, application-code: 17ms)
 GET /api/surat/srt-c5cae5d8-4331-4dea-a954-e12620d30b71 200 in 2.9s (next.js: 2.9s, application-code: 24ms)
 GET /login 200 in 350ms (next.js: 63ms, application-code: 286ms)
 GET /login 200 in 231ms (next.js: 4ms, application-code: 227ms)
 GET /surat/srt-c5cae5d8-4331-4dea-a954-e12620d30b71 200 in 219ms (next.js: 44ms, application-code: 175ms)
 GET /login 200 in 286ms (next.js: 153ms, application-code: 133ms)
 GET /login 200 in 94ms (next.js: 3ms, application-code: 91ms)
 GET /surat/srt-c5cae5d8-4331-4dea-a954-e12620d30b71 200 in 81ms (next.js: 24ms, application-code: 57ms)
 GET /login 200 in 306ms (next.js: 163ms, application-code: 143ms)
 GET /login 200 in 114ms (next.js: 2ms, application-code: 112ms)
 GET /surat/srt-c5cae5d8-4331-4dea-a954-e12620d30b71 200 in 90ms (next.js: 37ms, application-code: 53ms)
 GET /login 200 in 186ms (next.js: 74ms, application-code: 112ms)
 GET /login 200 in 85ms (next.js: 2ms, application-code: 83ms)
 GET /surat/srt-c5cae5d8-4331-4dea-a954-e12620d30b71 200 in 68ms (next.js: 18ms, application-code: 50ms)
 GET /login 200 in 207ms (next.js: 90ms, application-code: 117ms)
 GET /login 200 in 86ms (next.js: 5ms, application-code: 82ms)
 GET /surat/srt-c5cae5d8-4331-4dea-a954-e12620d30b71 200 in 65ms (next.js: 18ms, application-code: 48ms)
 GET /login 200 in 118ms (next.js: 32ms, application-code: 85ms)
 GET /login 200 in 67ms (next.js: 1986µs, application-code: 65ms)
 GET /surat/srt-c5cae5d8-4331-4dea-a954-e12620d30b71 200 in 50ms (next.js: 16ms, application-code: 35ms)
 GET /login 200 in 132ms (next.js: 36ms, application-code: 96ms)
 GET /login 200 in 80ms (next.js: 2ms, application-code: 78ms)
 GET /surat/srt-c5cae5d8-4331-4dea-a954-e12620d30b71 200 in 61ms (next.js: 16ms, application-code: 45ms)
 HEAD /api/pdf-content?file=%2Fuploads%2Fpdf%2F1776485634240-620_Pdt.G_2025_PA.Dgl_-_Kewarisan.rtf.docx_-_Google_Docs.pdf 200 in 1425ms (next.js: 1405ms, application-code: 21ms)
 GET /login 200 in 266ms (next.js: 78ms, application-code: 188ms)
 GET /login 200 in 337ms (next.js: 5ms, application-code: 332ms)
 GET /surat/srt-c5cae5d8-4331-4dea-a954-e12620d30b71 200 in 259ms (next.js: 41ms, application-code: 219ms)
 GET /login 200 in 99ms (next.js: 2ms, application-code: 96ms)
 GET /api/auth/get-session 200 in 2.5s (next.js: 2.5s, application-code: 33ms)
 GET /login 200 in 123ms (next.js: 70ms, application-code: 53ms)
 GET /api/auth/get-session 200 in 2.6s (next.js: 2.5s, application-code: 79ms)
 GET /api/settings/whatsapp 200 in 2.8s (next.js: 2.7s, application-code: 96ms)
○ Compiling /api/settings/whatsapp ...
 GET /api/users/lookup?username=superadmin 200 in 3.5s (next.js: 3.2s, application-code: 272ms)
 GET /api/disposisi 200 in 3.0s (next.js: 2.7s, application-code: 274ms)
 GET /api/ai/settings 200 in 3.0s (next.js: 2.7s, application-code: 276ms)
 GET /api/users 200 in 3.0s (next.js: 2.7s, application-code: 329ms)
 GET /api/auth/get-session 200 in 3.0s (next.js: 2.7s, application-code: 337ms)
 GET /api/surat 200 in 3.1s (next.js: 2.7s, application-code: 366ms)
 GET /login 200 in 3.4s (next.js: 3.0s, application-code: 422ms)
 GET /api/auth/get-session 200 in 2.4s (next.js: 2.4s, application-code: 24ms)
 GET /api/settings/institution 200 in 2.5s (next.js: 2.5s, application-code: 34ms)
 GET /api/auth/get-session 200 in 10ms (next.js: 2ms, application-code: 8ms)
 GET /api/pdf-content?file=%2Fuploads%2Fpdf%2F1776485634240-620_Pdt.G_2025_PA.Dgl_-_Kewarisan.rtf.docx_-_Google_Docs.pdf 200 in 29ms (next.js: 5ms, application-code: 24ms)
 GET /api/pdf-content?file=%2Fuploads%2Fpdf%2F1776485634240-620_Pdt.G_2025_PA.Dgl_-_Kewarisan.rtf.docx_-_Google_Docs.pdf 200 in 24ms (next.js: 1538µs, application-code: 23ms)
 GET /api/pdf-content?file=%2Fuploads%2Fpdf%2F1776485634240-620_Pdt.G_2025_PA.Dgl_-_Kewarisan.rtf.docx_-_Google_Docs.pdf 200 in 23ms (next.js: 1515µs, application-code: 21ms)
 GET /api/pdf-content?file=%2Fuploads%2Fpdf%2F1776485634240-620_Pdt.G_2025_PA.Dgl_-_Kewarisan.rtf.docx_-_Google_Docs.pdf 200 in 22ms (next.js: 1482µs, application-code: 20ms)
 GET /api/pdf-content?file=%2Fuploads%2Fpdf%2F1776485634240-620_Pdt.G_2025_PA.Dgl_-_Kewarisan.rtf.docx_-_Google_Docs.pdf&pdf_preview_bust=1776486035424-reload 200 in 27ms (next.js: 2ms, application-code: 25ms)
 GET /api/pdf-content?file=%2Fuploads%2Fpdf%2F1776485634240-620_Pdt.G_2025_PA.Dgl_-_Kewarisan.rtf.docx_-_Google_Docs.pdf&pdf_preview_bust=1776486035425-reload 200 in 24ms (next.js: 2ms, application-code: 22ms)
 GET /api/pdf-content?file=%2Fuploads%2Fpdf%2F1776485634240-620_Pdt.G_2025_PA.Dgl_-_Kewarisan.rtf.docx_-_Google_Docs.pdf&pdf_preview_bust=1776486035427-reload 200 in 22ms (next.js: 1718µs, application-code: 20ms)
 GET /api/pdf-content?file=%2Fuploads%2Fpdf%2F1776485634240-620_Pdt.G_2025_PA.Dgl_-_Kewarisan.rtf.docx_-_Google_Docs.pdf&pdf_preview_bust=1776486035429-reload 200 in 20ms (next.js: 1522µs, application-code: 19ms)
 GET /api/pdf-content?file=%2Fuploads%2Fpdf%2F1776485634240-620_Pdt.G_2025_PA.Dgl_-_Kewarisan.rtf.docx_-_Google_Docs.pdf&pdf_preview_bust=1776486035463-xhr 200 in 27ms (next.js: 2ms, application-code: 24ms)
 GET /api/pdf-content?file=%2Fuploads%2Fpdf%2F1776485634240-620_Pdt.G_2025_PA.Dgl_-_Kewarisan.rtf.docx_-_Google_Docs.pdf&pdf_preview_bust=1776486035466-xhr 200 in 25ms (next.js: 2ms, application-code: 23ms)
 GET /api/pdf-content?file=%2Fuploads%2Fpdf%2F1776485634240-620_Pdt.G_2025_PA.Dgl_-_Kewarisan.rtf.docx_-_Google_Docs.pdf&pdf_preview_bust=1776486035469-xhr 200 in 22ms (next.js: 1875µs, application-code: 20ms)
 GET /api/pdf-content?file=%2Fuploads%2Fpdf%2F1776485634240-620_Pdt.G_2025_PA.Dgl_-_Kewarisan.rtf.docx_-_Google_Docs.pdf&pdf_preview_bust=1776486035474-xhr 200 in 19ms (next.js: 1541µs, application-code: 18ms)
 GET /api/pdf-content?file=%2Fuploads%2Fpdf%2F1776485634240-620_Pdt.G_2025_PA.Dgl_-_Kewarisan.rtf.docx_-_Google_Docs.pdf 200 in 19ms (next.js: 1787µs, application-code: 17ms)
 GET /api/pdf-content?file=%2Fuploads%2Fpdf%2F1776485634240-620_Pdt.G_2025_PA.Dgl_-_Kewarisan.rtf.docx_-_Google_Docs.pdf 200 in 16ms (next.js: 1841µs, application-code: 14ms)
 GET /api/pdf-content?file=%2Fuploads%2Fpdf%2F1776485634240-620_Pdt.G_2025_PA.Dgl_-_Kewarisan.rtf.docx_-_Google_Docs.pdf&pdf_preview_bust=1776486035561-reload 200 in 13ms (next.js: 1882µs, application-code: 11ms)
 GET /api/pdf-content?file=%2Fuploads%2Fpdf%2F1776485634240-620_Pdt.G_2025_PA.Dgl_-_Kewarisan.rtf.docx_-_Google_Docs.pdf&pdf_preview_bust=1776486035564-reload 200 in 10ms (next.js: 1570µs, application-code: 9ms)
 GET /api/pdf-content?file=%2Fuploads%2Fpdf%2F1776485634240-620_Pdt.G_2025_PA.Dgl_-_Kewarisan.rtf.docx_-_Google_Docs.pdf&pdf_preview_bust=1776486035582-xhr 200 in 12ms (next.js: 1790µs, application-code: 10ms)
 GET /api/pdf-content?file=%2Fuploads%2Fpdf%2F1776485634240-620_Pdt.G_2025_PA.Dgl_-_Kewarisan.rtf.docx_-_Google_Docs.pdf&pdf_preview_bust=1776486035584-xhr 200 in 9ms (next.js: 1503µs, application-code: 8ms)
 GET /pdf-viewer?file=%2Fuploads%2Fpdf%2F1776485634240-620_Pdt.G_2025_PA.Dgl_-_Kewarisan.rtf.docx_-_Google_Docs.pdf&name=620_Pdt.G_2025_PA.Dgl%20-%20Kewarisan.rtf.docx%20-%20Google%20Docs.pdf 200 in 1780ms (next.js: 1609ms, application-code: 171ms)
 GET /api/auth/get-session 200 in 138ms (next.js: 120ms, application-code: 17ms)
 GET /api/pdf-content?file=%2Fuploads%2Fpdf%2F1776485634240-620_Pdt.G_2025_PA.Dgl_-_Kewarisan.rtf.docx_-_Google_Docs.pdf 200 in 345ms (next.js: 9ms, application-code: 336ms)
 GET /login 200 in 459ms (next.js: 9ms, application-code: 450ms)
 GET /surat/srt-c5cae5d8-4331-4dea-a954-e12620d30b71 200 in 362ms (next.js: 39ms, application-code: 323ms)
 GET /login 200 in 240ms (next.js: 2ms, application-code: 238ms)
 GET /api/auth/get-session 200 in 7ms (next.js: 1827µs, application-code: 5ms)
 GET /api/auth/get-session 200 in 10ms (next.js: 3ms, application-code: 7ms)
 GET /api/auth/get-session 200 in 25ms (next.js: 12ms, application-code: 14ms)
 GET /api/disposisi 200 in 51ms (next.js: 6ms, application-code: 45ms)
 GET /api/settings/institution 200 in 34ms (next.js: 6ms, application-code: 28ms)
 GET /api/users 200 in 117ms (next.js: 13ms, application-code: 103ms)
 GET /api/ai/settings 200 in 43ms (next.js: 10ms, application-code: 33ms)
 GET /api/settings/whatsapp 200 in 19ms (next.js: 7ms, application-code: 12ms)
 GET /api/surat 200 in 107ms (next.js: 10ms, application-code: 97ms)
 GET /api/pdf-content?file=%2Fuploads%2Fpdf%2F1776485634240-620_Pdt.G_2025_PA.Dgl_-_Kewarisan.rtf.docx_-_Google_Docs.pdf 200 in 27ms (next.js: 1964µs, application-code: 25ms)
 GET /api/pdf-content?file=%2Fuploads%2Fpdf%2F1776485634240-620_Pdt.G_2025_PA.Dgl_-_Kewarisan.rtf.docx_-_Google_Docs.pdf 200 in 25ms (next.js: 1570µs, application-code: 24ms)
 GET /api/pdf-content?file=%2Fuploads%2Fpdf%2F1776485634240-620_Pdt.G_2025_PA.Dgl_-_Kewarisan.rtf.docx_-_Google_Docs.pdf 200 in 18ms (next.js: 1959µs, application-code: 16ms)
 GET /api/pdf-content?file=%2Fuploads%2Fpdf%2F1776485634240-620_Pdt.G_2025_PA.Dgl_-_Kewarisan.rtf.docx_-_Google_Docs.pdf 200 in 16ms (next.js: 1287µs, application-code: 15ms)
 GET /api/pdf-content?file=%2Fuploads%2Fpdf%2F1776485634240-620_Pdt.G_2025_PA.Dgl_-_Kewarisan.rtf.docx_-_Google_Docs.pdf&pdf_preview_bust=1776486086789-reload 200 in 20ms (next.js: 1599µs, application-code: 19ms)
 GET /api/pdf-content?file=%2Fuploads%2Fpdf%2F1776485634240-620_Pdt.G_2025_PA.Dgl_-_Kewarisan.rtf.docx_-_Google_Docs.pdf&pdf_preview_bust=1776486086789-reload 200 in 19ms (next.js: 1646µs, application-code: 18ms)
 GET /api/pdf-content?file=%2Fuploads%2Fpdf%2F1776485634240-620_Pdt.G_2025_PA.Dgl_-_Kewarisan.rtf.docx_-_Google_Docs.pdf&pdf_preview_bust=1776486086790-reload 200 in 18ms (next.js: 1437µs, application-code: 17ms)
 GET /api/pdf-content?file=%2Fuploads%2Fpdf%2F1776485634240-620_Pdt.G_2025_PA.Dgl_-_Kewarisan.rtf.docx_-_Google_Docs.pdf&pdf_preview_bust=1776486086790-reload 200 in 19ms (next.js: 1238µs, application-code: 18ms)
 GET /api/pdf-content?file=%2Fuploads%2Fpdf%2F1776485634240-620_Pdt.G_2025_PA.Dgl_-_Kewarisan.rtf.docx_-_Google_Docs.pdf&pdf_preview_bust=1776486086817-xhr 200 in 21ms (next.js: 1782µs, application-code: 19ms)
 GET /api/pdf-content?file=%2Fuploads%2Fpdf%2F1776485634240-620_Pdt.G_2025_PA.Dgl_-_Kewarisan.rtf.docx_-_Google_Docs.pdf&pdf_preview_bust=1776486086821-xhr 200 in 18ms (next.js: 1685µs, application-code: 16ms)
 GET /api/pdf-content?file=%2Fuploads%2Fpdf%2F1776485634240-620_Pdt.G_2025_PA.Dgl_-_Kewarisan.rtf.docx_-_Google_Docs.pdf&pdf_preview_bust=1776486086824-xhr 200 in 17ms (next.js: 1295µs, application-code: 15ms)
 GET /api/pdf-content?file=%2Fuploads%2Fpdf%2F1776485634240-620_Pdt.G_2025_PA.Dgl_-_Kewarisan.rtf.docx_-_Google_Docs.pdf&pdf_preview_bust=1776486086827-xhr 200 in 15ms (next.js: 1334µs, application-code: 14ms)
 GET /api/pdf-content?file=%2Fuploads%2Fpdf%2F1776485634240-620_Pdt.G_2025_PA.Dgl_-_Kewarisan.rtf.docx_-_Google_Docs.pdf 200 in 13ms (next.js: 1995µs, application-code: 11ms)
 GET /api/pdf-content?file=%2Fuploads%2Fpdf%2F1776485634240-620_Pdt.G_2025_PA.Dgl_-_Kewarisan.rtf.docx_-_Google_Docs.pdf 200 in 10ms (next.js: 1791µs, application-code: 8ms)
 GET /api/pdf-content?file=%2Fuploads%2Fpdf%2F1776485634240-620_Pdt.G_2025_PA.Dgl_-_Kewarisan.rtf.docx_-_Google_Docs.pdf&pdf_preview_bust=1776486086897-reload 200 in 12ms (next.js: 1640µs, application-code: 10ms)
 GET /api/pdf-content?file=%2Fuploads%2Fpdf%2F1776485634240-620_Pdt.G_2025_PA.Dgl_-_Kewarisan.rtf.docx_-_Google_Docs.pdf&pdf_preview_bust=1776486086899-reload 200 in 10ms (next.js: 1810µs, application-code: 9ms)
 GET /api/pdf-content?file=%2Fuploads%2Fpdf%2F1776485634240-620_Pdt.G_2025_PA.Dgl_-_Kewarisan.rtf.docx_-_Google_Docs.pdf&pdf_preview_bust=1776486086917-xhr 200 in 13ms (next.js: 2ms, application-code: 11ms)
 GET /api/pdf-content?file=%2Fuploads%2Fpdf%2F1776485634240-620_Pdt.G_2025_PA.Dgl_-_Kewarisan.rtf.docx_-_Google_Docs.pdf&pdf_preview_bust=1776486086920-xhr 200 in 9ms (next.js: 1416µs, application-code: 8ms)
 GET /api/auth/get-session 200 in 27ms (next.js: 14ms, application-code: 12ms)
 GET /api/auth/get-session 200 in 28ms (next.js: 3ms, application-code: 25ms)
 GET /api/auth/get-session 200 in 19ms (next.js: 3ms, application-code: 16ms)
 GET /api/auth/get-session 200 in 15ms (next.js: 6ms, application-code: 9ms)
 GET /api/auth/get-session 200 in 10ms (next.js: 1498µs, application-code: 8ms)
 GET /api/auth/get-session 200 in 18ms (next.js: 2ms, application-code: 16ms)
 GET /surat/srt-c5cae5d8-4331-4dea-a954-e12620d30b71 200 in 61ms (next.js: 10ms, application-code: 51ms)
 GET /api/auth/get-session 200 in 21ms (next.js: 9ms, application-code: 11ms)
 GET /api/settings/whatsapp 200 in 19ms (next.js: 1328µs, application-code: 18ms)
 GET /api/settings/institution 200 in 18ms (next.js: 1281µs, application-code: 16ms)
 GET /api/users 200 in 71ms (next.js: 1895µs, application-code: 69ms)
 GET /api/disposisi 200 in 41ms (next.js: 2ms, application-code: 39ms)
 GET /api/ai/settings 200 in 35ms (next.js: 1611µs, application-code: 33ms)
 GET /api/surat 200 in 57ms (next.js: 2ms, application-code: 55ms)
 GET /api/pdf-content?file=%2Fuploads%2Fpdf%2F1776485634240-620_Pdt.G_2025_PA.Dgl_-_Kewarisan.rtf.docx_-_Google_Docs.pdf 200 in 20ms (next.js: 1743µs, application-code: 19ms)
 GET /api/pdf-content?file=%2Fuploads%2Fpdf%2F1776485634240-620_Pdt.G_2025_PA.Dgl_-_Kewarisan.rtf.docx_-_Google_Docs.pdf 200 in 19ms (next.js: 1363µs, application-code: 18ms)
 GET /api/pdf-content?file=%2Fuploads%2Fpdf%2F1776485634240-620_Pdt.G_2025_PA.Dgl_-_Kewarisan.rtf.docx_-_Google_Docs.pdf 200 in 18ms (next.js: 1377µs, application-code: 16ms)
 GET /api/pdf-content?file=%2Fuploads%2Fpdf%2F1776485634240-620_Pdt.G_2025_PA.Dgl_-_Kewarisan.rtf.docx_-_Google_Docs.pdf 200 in 16ms (next.js: 1317µs, application-code: 14ms)
 GET /api/pdf-content?file=%2Fuploads%2Fpdf%2F1776485634240-620_Pdt.G_2025_PA.Dgl_-_Kewarisan.rtf.docx_-_Google_Docs.pdf&pdf_preview_bust=1776486310402-reload 200 in 27ms (next.js: 2ms, application-code: 25ms)
 GET /api/pdf-content?file=%2Fuploads%2Fpdf%2F1776485634240-620_Pdt.G_2025_PA.Dgl_-_Kewarisan.rtf.docx_-_Google_Docs.pdf&pdf_preview_bust=1776486310402-reload 200 in 24ms (next.js: 1614µs, application-code: 22ms)
 GET /api/pdf-content?file=%2Fuploads%2Fpdf%2F1776485634240-620_Pdt.G_2025_PA.Dgl_-_Kewarisan.rtf.docx_-_Google_Docs.pdf&pdf_preview_bust=1776486310403-reload 200 in 23ms (next.js: 1363µs, application-code: 22ms)
 GET /api/pdf-content?file=%2Fuploads%2Fpdf%2F1776485634240-620_Pdt.G_2025_PA.Dgl_-_Kewarisan.rtf.docx_-_Google_Docs.pdf&pdf_preview_bust=1776486310404-reload 200 in 23ms (next.js: 1685µs, application-code: 22ms)
 GET /api/pdf-content?file=%2Fuploads%2Fpdf%2F1776485634240-620_Pdt.G_2025_PA.Dgl_-_Kewarisan.rtf.docx_-_Google_Docs.pdf&pdf_preview_bust=1776486310437-xhr 200 in 21ms (next.js: 1946µs, application-code: 19ms)
 GET /api/pdf-content?file=%2Fuploads%2Fpdf%2F1776485634240-620_Pdt.G_2025_PA.Dgl_-_Kewarisan.rtf.docx_-_Google_Docs.pdf&pdf_preview_bust=1776486310441-xhr 200 in 18ms (next.js: 1536µs, application-code: 16ms)
 GET /api/pdf-content?file=%2Fuploads%2Fpdf%2F1776485634240-620_Pdt.G_2025_PA.Dgl_-_Kewarisan.rtf.docx_-_Google_Docs.pdf&pdf_preview_bust=1776486310445-xhr 200 in 16ms (next.js: 1326µs, application-code: 15ms)
 GET /api/pdf-content?file=%2Fuploads%2Fpdf%2F1776485634240-620_Pdt.G_2025_PA.Dgl_-_Kewarisan.rtf.docx_-_Google_Docs.pdf&pdf_preview_bust=1776486310449-xhr 200 in 16ms (next.js: 1289µs, application-code: 15ms)
 GET /api/pdf-content?file=%2Fuploads%2Fpdf%2F1776485634240-620_Pdt.G_2025_PA.Dgl_-_Kewarisan.rtf.docx_-_Google_Docs.pdf 200 in 13ms (next.js: 2ms, application-code: 11ms)
 GET /api/pdf-content?file=%2Fuploads%2Fpdf%2F1776485634240-620_Pdt.G_2025_PA.Dgl_-_Kewarisan.rtf.docx_-_Google_Docs.pdf 200 in 11ms (next.js: 1532µs, application-code: 9ms)
 GET /api/pdf-content?file=%2Fuploads%2Fpdf%2F1776485634240-620_Pdt.G_2025_PA.Dgl_-_Kewarisan.rtf.docx_-_Google_Docs.pdf&pdf_preview_bust=1776486310520-reload 200 in 17ms (next.js: 1849µs, application-code: 15ms)
 GET /api/pdf-content?file=%2Fuploads%2Fpdf%2F1776485634240-620_Pdt.G_2025_PA.Dgl_-_Kewarisan.rtf.docx_-_Google_Docs.pdf&pdf_preview_bust=1776486310523-reload 200 in 11ms (next.js: 2ms, application-code: 9ms)
 GET /api/pdf-content?file=%2Fuploads%2Fpdf%2F1776485634240-620_Pdt.G_2025_PA.Dgl_-_Kewarisan.rtf.docx_-_Google_Docs.pdf&pdf_preview_bust=1776486310544-xhr 200 in 14ms (next.js: 1795µs, application-code: 12ms)
 GET /api/pdf-content?file=%2Fuploads%2Fpdf%2F1776485634240-620_Pdt.G_2025_PA.Dgl_-_Kewarisan.rtf.docx_-_Google_Docs.pdf&pdf_preview_bust=1776486310547-xhr 200 in 10ms (next.js: 1663µs, application-code: 9ms)
 GET /api/auth/get-session 200 in 23ms (next.js: 14ms, application-code: 10ms)
 GET /api/auth/get-session 200 in 26ms (next.js: 3ms, application-code: 22ms)
 GET /api/auth/get-session 200 in 9ms (next.js: 3ms, application-code: 6ms)
 GET /api/auth/get-session 200 in 9ms (next.js: 1754µs, application-code: 7ms)
 GET /api/auth/get-session 200 in 7ms (next.js: 1936µs, application-code: 6ms)
 GET /api/auth/get-session 200 in 16ms (next.js: 2ms, application-code: 14ms)
 GET /api/auth/get-session 200 in 23ms (next.js: 14ms, application-code: 9ms)
 GET /api/auth/get-session 200 in 15ms (next.js: 4ms, application-code: 11ms)
 GET /api/auth/get-session 200 in 9ms (next.js: 3ms, application-code: 6ms)
 GET /api/auth/get-session 200 in 9ms (next.js: 3ms, application-code: 6ms)
 GET /api/users/lookup?username=superadmin 200 in 26ms (next.js: 10ms, application-code: 16ms)
 POST /api/auth/sign-in/email 200 in 42ms (next.js: 11ms, application-code: 31ms)
 GET /api/settings/institution 200 in 15ms (next.js: 1578µs, application-code: 14ms)
 GET /api/users 200 in 63ms (next.js: 1763µs, application-code: 62ms)
 GET /api/disposisi 200 in 36ms (next.js: 2ms, application-code: 34ms)
 GET /api/ai/settings 200 in 33ms (next.js: 1548µs, application-code: 32ms)
 GET /api/settings/whatsapp 200 in 14ms (next.js: 1910µs, application-code: 12ms)
 GET /api/surat 200 in 78ms (next.js: 1607µs, application-code: 77ms)
 GET /api/auth/get-session 200 in 3.5s (next.js: 3.4s, application-code: 66ms)
 GET /portal 200 in 3.5s (next.js: 3.4s, application-code: 85ms)
 GET /api/disposisi 200 in 58ms (next.js: 11ms, application-code: 47ms)
 GET /api/ai/settings 200 in 48ms (next.js: 16ms, application-code: 32ms)
 GET /api/settings/whatsapp 200 in 24ms (next.js: 9ms, application-code: 15ms)
 GET /api/users 200 in 138ms (next.js: 23ms, application-code: 114ms)
 GET /api/settings/institution 200 in 17ms (next.js: 10ms, application-code: 7ms)
 GET /api/surat 200 in 131ms (next.js: 16ms, application-code: 115ms)
 GET /manajemen-surat 200 in 1506ms (next.js: 1472ms, application-code: 33ms)
 GET /api/whatsapp/qr 200 in 3.0s (next.js: 2.9s, application-code: 103ms)
 GET /surat?type=masuk 200 in 1853ms (next.js: 1705ms, application-code: 148ms)
 GET /api/whatsapp/qr 200 in 38ms (next.js: 3ms, application-code: 35ms)
 GET /login 200 in 207ms (next.js: 16ms, application-code: 191ms)
 GET /surat?type=masuk 200 in 150ms (next.js: 3ms, application-code: 148ms)
 GET /surat/srt-c5cae5d8-4331-4dea-a954-e12620d30b71 200 in 119ms (next.js: 33ms, application-code: 86ms)
 GET /surat/srt-c5cae5d8-4331-4dea-a954-e12620d30b71 200 in 28ms (next.js: 9ms, application-code: 19ms)
 GET /api/pdf-content?file=%2Fuploads%2Fpdf%2F1776485634240-620_Pdt.G_2025_PA.Dgl_-_Kewarisan.rtf.docx_-_Google_Docs.pdf 200 in 1598ms (next.js: 1580ms, application-code: 17ms)
 GET /api/pdf-content?file=%2Fuploads%2Fpdf%2F1776485634240-620_Pdt.G_2025_PA.Dgl_-_Kewarisan.rtf.docx_-_Google_Docs.pdf 200 in 1587ms (next.js: 1567ms, application-code: 20ms)
 GET /api/pdf-content?file=%2Fuploads%2Fpdf%2F1776485634240-620_Pdt.G_2025_PA.Dgl_-_Kewarisan.rtf.docx_-_Google_Docs.pdf 200 in 1589ms (next.js: 1566ms, application-code: 23ms)
 GET /api/pdf-content?file=%2Fuploads%2Fpdf%2F1776485634240-620_Pdt.G_2025_PA.Dgl_-_Kewarisan.rtf.docx_-_Google_Docs.pdf 200 in 1625ms (next.js: 1599ms, application-code: 26ms)
 GET /api/pdf-content?file=%2Fuploads%2Fpdf%2F1776485634240-620_Pdt.G_2025_PA.Dgl_-_Kewarisan.rtf.docx_-_Google_Docs.pdf 200 in 19ms (next.js: 2ms, application-code: 17ms)
 GET /api/pdf-content?file=%2Fuploads%2Fpdf%2F1776485634240-620_Pdt.G_2025_PA.Dgl_-_Kewarisan.rtf.docx_-_Google_Docs.pdf 200 in 16ms (next.js: 1738µs, application-code: 14ms)
 GET /api/auth/get-session 200 in 171ms (next.js: 154ms, application-code: 17ms)
 GET /api/settings/whatsapp 200 in 35ms (next.js: 9ms, application-code: 26ms)
 GET /api/settings/institution 200 in 24ms (next.js: 14ms, application-code: 10ms)
 GET /api/disposisi 200 in 80ms (next.js: 11ms, application-code: 69ms)
 GET /api/users 200 in 146ms (next.js: 19ms, application-code: 127ms)
 GET /api/ai/settings 200 in 34ms (next.js: 15ms, application-code: 19ms)
 GET /api/surat 200 in 115ms (next.js: 16ms, application-code: 99ms)
 GET /api/auth/get-session 200 in 12ms (next.js: 2ms, application-code: 10ms)
